年份,地区,国家,对外直接投资:截至累计
2003,北美洲,加拿大,46.18
2003,北美洲,美国,502.32
2003,大洋洲,澳大利亚,416.49
2003,大洋洲,巴布亚新几内亚,10.22
2003,大洋洲,密克罗尼西亚联邦,0.3
2003,大洋洲,萨摩亚,0.92
2003,大洋洲,所罗门群岛,0.08
2003,大洋洲,新西兰,44.25
2003,非洲,阿尔及利亚,5.7
2003,非洲,埃及,14.29
2003,非洲,埃塞俄比亚,4.78
2003,非洲,安哥拉,0.3
2003,非洲,贝宁,7.71
2003,非洲,博茨瓦纳,2.1
2003,非洲,赤道几内亚,8.64
2003,非洲,多哥,4.73
2003,非洲,厄立特里亚,1.88
2003,非洲,冈比亚,0.04
2003,非洲,几内亚,14.34
2003,非洲,加纳,6.6
2003,非洲,加蓬,24.05
2003,非洲,津巴布韦,36.74
2003,非洲,喀麦隆,5.73
2003,非洲,科特迪瓦共和国,8.05
2003,非洲,肯尼亚,25.53
2003,非洲,莱索托,0.24
2003,非洲,利比里亚,5.8
2003,非洲,利比亚,0.86
2003,非洲,卢旺达,3.3
2003,非洲,马达加斯加,28.13
2003,非洲,马拉维,0.72
2003,非洲,马里,12.09
2003,非洲,毛里求斯,12.59
2003,非洲,毛里塔尼亚,1.82
2003,非洲,民主刚果,0.24
2003,非洲,摩洛哥,4.31
2003,非洲,莫桑比克,2.42
2003,非洲,纳米比亚,0.72
2003,非洲,南非,44.77
2003,非洲,尼日尔,12.5
2003,非洲,尼日利亚,31.98
2003,非洲,塞内加尔,2.51
2003,非洲,塞舌尔,0.42
2003,非洲,苏丹,0.55
2003,非洲,坦桑尼亚,7.46
2003,非洲,突尼斯,1.56
2003,非洲,乌干达,1.33
2003,非洲,赞比亚,143.7
2003,拉丁美洲,阿根廷,1.05
2003,拉丁美洲,安提瓜和巴布达,0.2
2003,拉丁美洲,巴哈马,44.45
2003,拉丁美洲,巴拿马,0.16
2003,拉丁美洲,巴西,52.19
2003,拉丁美洲,厄瓜多尔,0.55
2003,拉丁美洲,哥伦比亚,0.79
2003,拉丁美洲,古巴,13.95
2003,拉丁美洲,圭亚那,14.04
2003,拉丁美洲,洪都拉斯,8.93
2003,拉丁美洲,开曼群岛,3690.68
2003,拉丁美洲,秘鲁,126.18
2003,拉丁美洲,墨西哥,97.18
2003,拉丁美洲,圣文森特和格林纳丁斯,5.6
2003,拉丁美洲,苏里南,10.06
2003,拉丁美洲,委内瑞拉,19.39
2003,拉丁美洲,乌拉圭,0.53
2003,拉丁美洲,英属维尔京群岛,532.64
2003,拉丁美洲,智利,0.75
2003,欧洲,阿塞拜疆,0.35
2003,欧洲,爱尔兰,0.24
2003,欧洲,爱沙尼亚,0
2003,欧洲,奥地利,0.7
2003,欧洲,保加利亚,0.6
2003,欧洲,比利时,0.41
2003,欧洲,波兰,2.72
2003,欧洲,波斯尼亚—黑塞哥维那,1.46
2003,欧洲,丹麦,74.43
2003,欧洲,德国,83.61
2003,欧洲,俄罗斯,61.64
2003,欧洲,法国,13.12
2003,欧洲,荷兰,5.9
2003,欧洲,捷克,0.33
2003,欧洲,拉脱维亚,1.61
2003,欧洲,罗马尼亚,29.75
2003,欧洲,马耳他,0.37
2003,欧洲,葡萄牙,0.2
2003,欧洲,瑞典,6.07
2003,欧洲,瑞士,2.21
2003,欧洲,斯洛伐克,0.1
2003,欧洲,乌克兰,0.06
2003,欧洲,西班牙,101.81
2003,欧洲,匈牙利,5.43
2003,欧洲,意大利,19.18
2003,欧洲,英国,75.15
2003,亚洲,阿富汗,0.43
2003,亚洲,阿拉伯联合酋长国,31.17
2003,亚洲,澳门特别行政区 (中国),446.86
2003,亚洲,巴基斯坦,27.48
2003,亚洲,巴林,0.15
2003,亚洲,朝鲜,1.17
2003,亚洲,菲律宾,8.75
2003,亚洲,哈萨克斯坦,19.71
2003,亚洲,韩国,235.38
2003,亚洲,吉尔吉斯,15.79
2003,亚洲,柬埔寨,59.49
2003,亚洲,卡塔尔,1.9
2003,亚洲,科威特,0.17
2003,亚洲,老挝,9.11
2003,亚洲,马来西亚,100.66
2003,亚洲,蒙古,13.42
2003,亚洲,孟加拉国,8.45
2003,亚洲,缅甸,10.22
2003,亚洲,尼泊尔,1.81
2003,亚洲,日本,89.31
2003,亚洲,沙特阿拉伯,0.24
2003,亚洲,斯里兰卡,6.54
2003,亚洲,塔吉克,5.12
2003,亚洲,泰国,150.77
2003,亚洲,土耳其,1.53
2003,亚洲,土库曼,0.2
2003,亚洲,文莱,0.13
2003,亚洲,乌兹别克,3.27
2003,亚洲,香港特别行政区 (中国),24632.26
2003,亚洲,新加坡,164.83
2003,亚洲,也门共和国,12.76
2003,亚洲,伊拉克,436.96
2003,亚洲,伊朗,22.15
2003,亚洲,以色列,0.32
2003,亚洲,印度,0.96
2003,亚洲,印度尼西亚,54.26
2003,亚洲,约旦,1
2003,亚洲,越南,28.73
2004,北美洲,百慕大群岛,185.22
2004,北美洲,加拿大,58.79
2004,北美洲,美国,665.2
2004,大洋洲,澳大利亚,494.58
2004,大洋洲,巴布亚新几内亚,3.31
2004,大洋洲,斐济,1.77
2004,大洋洲,密克罗尼西亚联邦,0.34
2004,大洋洲,帕劳共和国,0.1
2004,大洋洲,其他国家地区,6.67
2004,大洋洲,萨摩亚,0.9
2004,大洋洲,汤加,3.03
2004,大洋洲,瓦努阿图,0.03
2004,大洋洲,新西兰,33.22
2004,非洲,阿尔及利亚,34.49
2004,非洲,埃及,14.28
2004,非洲,埃塞俄比亚,7.87
2004,非洲,安哥拉,0.47
2004,非洲,贝宁,20.51
2004,非洲,博茨瓦纳,3.8
2004,非洲,布隆迪,0.02
2004,非洲,赤道几内亚,10.21
2004,非洲,多哥,6.24
2004,非洲,厄立特里亚,0.12
2004,非洲,佛得角,0.01
2004,非洲,冈比亚,0.2
2004,非洲,刚果,5.65
2004,非洲,吉布提,0.4
2004,非洲,几内亚,25.77
2004,非洲,加纳,6.31
2004,非洲,加蓬,31.27
2004,非洲,津巴布韦,38.06
2004,非洲,喀麦隆,6.98
2004,非洲,科摩罗,0.01
2004,非洲,科特迪瓦共和国,14.1
2004,非洲,肯尼亚,28.46
2004,非洲,莱索托,0.03
2004,非洲,利比里亚,6.38
2004,非洲,利比亚,0.87
2004,非洲,卢旺达,3.3
2004,非洲,马达加斯加,40.63
2004,非洲,马拉维,0.72
2004,非洲,马里,13.16
2004,非洲,毛里求斯,12.63
2004,非洲,毛里塔尼亚,2.13
2004,非洲,民主刚果,15.69
2004,非洲,摩洛哥,9.06
2004,非洲,莫桑比克,5.6
2004,非洲,纳米比亚,2.21
2004,非洲,南非,58.87
2004,非洲,尼日尔,14.03
2004,非洲,尼日利亚,75.61
2004,非洲,塞拉利昂,5.74
2004,非洲,塞内加尔,2.58
2004,非洲,塞舌尔,0.42
2004,非洲,苏丹,171.61
2004,非洲,坦桑尼亚,53.8
2004,非洲,突尼斯,1.28
2004,非洲,乌干达,0.23
2004,非洲,赞比亚,147.75
2004,拉丁美洲,阿根廷,19.27
2004,拉丁美洲,安提瓜和巴布达,0.2
2004,拉丁美洲,巴巴多斯,1.87
2004,拉丁美洲,巴哈马,80.1
2004,拉丁美洲,巴拿马,0.41
2004,拉丁美洲,巴西,79.22
2004,拉丁美洲,厄瓜多尔,2.19
2004,拉丁美洲,哥伦比亚,6.72
2004,拉丁美洲,古巴,14.85
2004,拉丁美洲,圭亚那,12.86
2004,拉丁美洲,洪都拉斯,5.61
2004,拉丁美洲,开曼群岛,6659.91
2004,拉丁美洲,秘鲁,125.82
2004,拉丁美洲,墨西哥,125.29
2004,拉丁美洲,圣文森特和格林纳丁斯,5.6
2004,拉丁美洲,苏里南,10.25
2004,拉丁美洲,委内瑞拉,26.78
2004,拉丁美洲,乌拉圭,0.55
2004,拉丁美洲,英属维尔京群岛,1089.38
2004,拉丁美洲,智利,1.48
2004,欧洲,阿塞拜疆,3.71
2004,欧洲,爱尔兰,0.04
2004,欧洲,奥地利,0.7
2004,欧洲,保加利亚,1.46
2004,欧洲,比利时,1.64
2004,欧洲,波兰,2.87
2004,欧洲,波斯尼亚—黑塞哥维那,4.01
2004,欧洲,丹麦,67.2
2004,欧洲,德国,129.21
2004,欧洲,俄罗斯,123.48
2004,欧洲,法国,21.68
2004,欧洲,格鲁吉亚,4.84
2004,欧洲,荷兰,8.97
2004,欧洲,捷克,1.11
2004,欧洲,拉脱维亚,1.61
2004,欧洲,罗马尼亚,31.1
2004,欧洲,马耳他,0.37
2004,欧洲,葡萄牙,0.2
2004,欧洲,瑞典,6.44
2004,欧洲,瑞士,1.86
2004,欧洲,斯洛伐克,0.1
2004,欧洲,乌克兰,1.31
2004,欧洲,西班牙,127.67
2004,欧洲,希腊,0.35
2004,欧洲,匈牙利,5.42
2004,欧洲,意大利,20.84
2004,欧洲,英国,108.46
2004,亚洲,阿富汗,0.45
2004,亚洲,阿拉伯联合酋长国,46.56
2004,亚洲,阿曼,0.01
2004,亚洲,澳门特别行政区 (中国),624.83
2004,亚洲,巴基斯坦,36.45
2004,亚洲,巴勒斯坦,0.61
2004,亚洲,巴林,0.15
2004,亚洲,朝鲜,21.74
2004,亚洲,东帝汶,0.1
2004,亚洲,菲律宾,9.8
2004,亚洲,哈萨克斯坦,24.78
2004,亚洲,韩国,561.92
2004,亚洲,吉尔吉斯,19.26
2004,亚洲,柬埔寨,89.89
2004,亚洲,卡塔尔,2.7
2004,亚洲,科威特,2.53
2004,亚洲,老挝,15.42
2004,亚洲,黎巴嫩,0.02
2004,亚洲,马来西亚,123.24
2004,亚洲,蒙古,75.95
2004,亚洲,孟加拉国,8.66
2004,亚洲,缅甸,20.18
2004,亚洲,尼泊尔,3.32
2004,亚洲,日本,139.49
2004,亚洲,沙特阿拉伯,2.09
2004,亚洲,斯里兰卡,6.79
2004,亚洲,塔吉克,21.54
2004,亚洲,泰国,181.88
2004,亚洲,土耳其,2.89
2004,亚洲,土库曼,0.2
2004,亚洲,文莱,0.13
2004,亚洲,乌兹别克,4.23
2004,亚洲,香港特别行政区 (中国),30392.89
2004,亚洲,新加坡,233.09
2004,亚洲,叙利亚,0.33
2004,亚洲,也门共和国,31.02
2004,亚洲,伊拉克,434.87
2004,亚洲,伊朗,46.68
2004,亚洲,以色列,0.32
2004,亚洲,印度,4.55
2004,亚洲,印度尼西亚,121.75
2004,亚洲,约旦,5.92
2004,亚洲,越南,160.32
2005,北美洲,百慕大群岛,337.26
2005,北美洲,加拿大,103.29
2005,北美洲,美国,822.68
2005,大洋洲,澳大利亚,587.46
2005,大洋洲,巴布亚新几内亚,8.43
2005,大洋洲,斐济,9.55
2005,大洋洲,密克罗尼西亚联邦,0.5
2005,大洋洲,萨摩亚,0.9
2005,大洋洲,汤加,5.54
2005,大洋洲,瓦努阿图,2.73
2005,大洋洲,新西兰,35.18
2005,非洲,阿尔及利亚,171.21
2005,非洲,埃及,39.8
2005,非洲,埃塞俄比亚,29.82
2005,非洲,安哥拉,8.79
2005,非洲,贝宁,19
2005,非洲,博茨瓦纳,18.12
2005,非洲,赤道几内亚,16.56
2005,非洲,多哥,4.78
2005,非洲,厄立特里亚,0.12
2005,非洲,佛得角,0.6
2005,非洲,冈比亚,1.19
2005,非洲,刚果,13.32
2005,非洲,吉布提,0.4
2005,非洲,几内亚,44.22
2005,非洲,加纳,7.33
2005,非洲,加蓬,35.36
2005,非洲,津巴布韦,41.63
2005,非洲,喀麦隆,7.87
2005,非洲,科摩罗,0.01
2005,非洲,科特迪瓦共和国,29.11
2005,非洲,肯尼亚,58.25
2005,非洲,莱索托,0.6
2005,非洲,利比里亚,15.95
2005,非洲,利比亚,33.06
2005,非洲,卢旺达,4.72
2005,非洲,马达加斯加,49.94
2005,非洲,马拉维,0.73
2005,非洲,马里,13.28
2005,非洲,毛里求斯,26.81
2005,非洲,毛里塔尼亚,2.4
2005,非洲,民主刚果,25.11
2005,非洲,摩洛哥,20.59
2005,非洲,莫桑比克,14.68
2005,非洲,纳米比亚,2.36
2005,非洲,南非,112.28
2005,非洲,尼日尔,20.44
2005,非洲,尼日利亚,94.11
2005,非洲,塞拉利昂,18.45
2005,非洲,塞内加尔,2.35
2005,非洲,塞舌尔,4.19
2005,非洲,苏丹,351.53
2005,非洲,坦桑尼亚,62.02
2005,非洲,突尼斯,2.15
2005,非洲,乌干达,4.97
2005,非洲,赞比亚,160.31
2005,非洲,乍得,2.71
2005,非洲,中非,2
2005,拉丁美洲,阿根廷,4.22
2005,拉丁美洲,安提瓜和巴布达,0.4
2005,拉丁美洲,巴巴多斯,1.65
2005,拉丁美洲,巴哈马,14.69
2005,拉丁美洲,巴拿马,34.77
2005,拉丁美洲,巴西,81.39
2005,拉丁美洲,玻利维亚,0.08
2005,拉丁美洲,厄瓜多尔,18.12
2005,拉丁美洲,哥伦比亚,7.36
2005,拉丁美洲,古巴,33.59
2005,拉丁美洲,圭亚那,5.6
2005,拉丁美洲,洪都拉斯,5.28
2005,拉丁美洲,开曼群岛,8935.59
2005,拉丁美洲,秘鲁,129.22
2005,拉丁美洲,墨西哥,141.86
2005,拉丁美洲,圣文森特和格林纳丁斯,12.27
2005,拉丁美洲,苏里南,13.02
2005,拉丁美洲,委内瑞拉,42.65
2005,拉丁美洲,乌拉圭,0.56
2005,拉丁美洲,英属维尔京群岛,1983.58
2005,拉丁美洲,智利,3.71
2005,欧洲,阿尔巴尼亚,0.5
2005,欧洲,阿塞拜疆,2.65
2005,欧洲,爱尔兰,0.04
2005,欧洲,爱沙尼亚,1.26
2005,欧洲,奥地利,0.07
2005,欧洲,白俄罗斯,0.29
2005,欧洲,保加利亚,2.99
2005,欧洲,比利时,2.34
2005,欧洲,冰岛,1.1
2005,欧洲,波兰,12.39
2005,欧洲,波斯尼亚—黑塞哥维那,3.51
2005,欧洲,丹麦,96.59
2005,欧洲,德国,268.35
2005,欧洲,俄罗斯,465.57
2005,欧洲,法国,33.82
2005,欧洲,芬兰,0.9
2005,欧洲,格鲁吉亚,22.15
2005,欧洲,荷兰,14.95
2005,欧洲,捷克,1.38
2005,欧洲,克罗地亚,0.75
2005,欧洲,拉脱维亚,1.61
2005,欧洲,立陶宛,3.93
2005,欧洲,罗马尼亚,39.43
2005,欧洲,马耳他,1.37
2005,欧洲,马其顿,0.2
2005,欧洲,摩尔多瓦,0.78
2005,欧洲,瑞典,22.46
2005,欧洲,瑞士,2.45
2005,欧洲,塞尔维亚和黑山,2
2005,欧洲,斯洛伐克,0.1
2005,欧洲,斯洛文尼亚,0.12
2005,欧洲,乌克兰,2.78
2005,欧洲,西班牙,130.12
2005,欧洲,希腊,0.35
2005,欧洲,匈牙利,2.81
2005,欧洲,亚美尼亚,1.25
2005,欧洲,意大利,21.6
2005,欧洲,英国,107.97
2005,亚洲,阿富汗,0.45
2005,亚洲,阿拉伯联合酋长国,144.53
2005,亚洲,阿曼,6.53
2005,亚洲,澳门特别行政区 (中国),598.7
2005,亚洲,巴基斯坦,188.81
2005,亚洲,巴林,1.99
2005,亚洲,朝鲜,31.04
2005,亚洲,东帝汶,0.1
2005,亚洲,菲律宾,19.35
2005,亚洲,哈萨克斯坦,245.24
2005,亚洲,韩国,882.22
2005,亚洲,吉尔吉斯,45.06
2005,亚洲,柬埔寨,76.84
2005,亚洲,卡塔尔,2.7
2005,亚洲,科威特,1.23
2005,亚洲,老挝,32.87
2005,亚洲,黎巴嫩,0.17
2005,亚洲,马来西亚,186.83
2005,亚洲,蒙古,130.63
2005,亚洲,孟加拉国,32.96
2005,亚洲,缅甸,23.59
2005,亚洲,尼泊尔,2.99
2005,亚洲,日本,150.7
2005,亚洲,塞浦路斯,1.06
2005,亚洲,沙特阿拉伯,58.45
2005,亚洲,斯里兰卡,15.43
2005,亚洲,塔吉克,22.79
2005,亚洲,泰国,219.18
2005,亚洲,土耳其,4.23
2005,亚洲,土库曼,0.2
2005,亚洲,文莱,1.9
2005,亚洲,乌兹别克,11.98
2005,亚洲,香港特别行政区 (中国),36507.08
2005,亚洲,新加坡,325.48
2005,亚洲,叙利亚,3.76
2005,亚洲,也门共和国,77.77
2005,亚洲,伊拉克,434.87
2005,亚洲,伊朗,56.08
2005,亚洲,以色列,6.32
2005,亚洲,印度,14.62
2005,亚洲,印度尼西亚,140.93
2005,亚洲,约旦,17.47
2005,亚洲,越南,229.18
2006,北美洲,百慕大群岛,208.43
2006,北美洲,加拿大,140.72
2006,北美洲,美国,1237.87
2006,大洋洲,澳大利亚,794.35
2006,大洋洲,巴布亚新几内亚,61.3
2006,大洋洲,斐济,18.67
2006,大洋洲,马绍尔群岛共和国,2
2006,大洋洲,密克罗尼西亚联邦,1.16
2006,大洋洲,萨摩亚,0.9
2006,大洋洲,汤加,7.11
2006,大洋洲,瓦努阿图,2.73
2006,大洋洲,新西兰,51.27
2006,非洲,阿尔及利亚,247.37
2006,非洲,埃及,100.43
2006,非洲,埃塞俄比亚,95.6
2006,非洲,安哥拉,37.23
2006,非洲,贝宁,22.12
2006,非洲,博茨瓦纳,25.52
2006,非洲,布隆迪,1.65
2006,非洲,赤道几内亚,30.44
2006,非洲,多哥,11.72
2006,非洲,厄立特里亚,6.63
2006,非洲,佛得角,1.65
2006,非洲,冈比亚,1.19
2006,非洲,刚果,62.9
2006,非洲,吉布提,0.6
2006,非洲,几内亚,54.63
2006,非洲,加纳,8.09
2006,非洲,加蓬,51.28
2006,非洲,津巴布韦,46.15
2006,非洲,喀麦隆,16.46
2006,非洲,科摩罗,4.05
2006,非洲,科特迪瓦共和国,25.04
2006,非洲,肯尼亚,46.23
2006,非洲,莱索托,7.6
2006,非洲,利比里亚,29.51
2006,非洲,利比亚,28.57
2006,非洲,卢旺达,7.71
2006,非洲,马达加斯加,54.34
2006,非洲,马拉维,0.96
2006,非洲,马里,19.83
2006,非洲,毛里求斯,51.16
2006,非洲,毛里塔尼亚,20.12
2006,非洲,民主刚果,37.61
2006,非洲,摩洛哥,27.01
2006,非洲,莫桑比克,14.68
2006,非洲,纳米比亚,6.43
2006,非洲,南非,167.62
2006,非洲,尼日尔,32.99
2006,非洲,尼日利亚,215.94
2006,非洲,塞拉利昂,14.89
2006,非洲,塞内加尔,4.15
2006,非洲,塞舌尔,6.46
2006,非洲,苏丹,497.13
2006,非洲,坦桑尼亚,111.93
2006,非洲,突尼斯,3.91
2006,非洲,乌干达,14.67
2006,非洲,赞比亚,267.86
2006,非洲,乍得,12.78
2006,非洲,中非,3.98
2006,拉丁美洲,阿根廷,11.34
2006,拉丁美洲,安提瓜和巴布达,1.25
2006,拉丁美洲,巴巴多斯,2.01
2006,拉丁美洲,巴哈马,17.52
2006,拉丁美洲,巴拿马,36.92
2006,拉丁美洲,巴西,130.41
2006,拉丁美洲,玻利维亚,21.06
2006,拉丁美洲,伯利兹,0.02
2006,拉丁美洲,多米尼克,0.7
2006,拉丁美洲,厄瓜多尔,39.04
2006,拉丁美洲,哥伦比亚,5.7
2006,拉丁美洲,格林纳达,4.03
2006,拉丁美洲,古巴,59.91
2006,拉丁美洲,圭亚那,8.6
2006,拉丁美洲,洪都拉斯,5.28
2006,拉丁美洲,开曼群岛,14209.19
2006,拉丁美洲,秘鲁,130.4
2006,拉丁美洲,墨西哥,128.61
2006,拉丁美洲,圣文森特和格林纳丁斯,14.92
2006,拉丁美洲,苏里南,32.21
2006,拉丁美洲,特立尼达和多巴哥,0.8
2006,拉丁美洲,委内瑞拉,71.58
2006,拉丁美洲,乌拉圭,1.63
2006,拉丁美洲,牙买加,0.02
2006,拉丁美洲,英属维尔京群岛,4750.4
2006,拉丁美洲,智利,10.84
2006,欧洲,阿尔巴尼亚,0.51
2006,欧洲,阿塞拜疆,10.92
2006,欧洲,爱尔兰,25.3
2006,欧洲,爱沙尼亚,1.26
2006,欧洲,奥地利,0.32
2006,欧洲,白俄罗斯,0.29
2006,欧洲,保加利亚,4.74
2006,欧洲,比利时,2.67
2006,欧洲,冰岛,0.05
2006,欧洲,波兰,87.18
2006,欧洲,波斯尼亚—黑塞哥维那,3.51
2006,欧洲,丹麦,36.48
2006,欧洲,德国,472.03
2006,欧洲,俄罗斯,929.76
2006,欧洲,法国,44.88
2006,欧洲,芬兰,0.93
2006,欧洲,格鲁吉亚,32.09
2006,欧洲,荷兰,20.43
2006,欧洲,捷克,14.67
2006,欧洲,克罗地亚,0.75
2006,欧洲,拉脱维亚,2.31
2006,欧洲,立陶宛,3.93
2006,欧洲,罗马尼亚,65.63
2006,欧洲,马耳他,1.97
2006,欧洲,马其顿,0.2
2006,欧洲,摩尔多瓦,0.78
2006,欧洲,挪威,0.16
2006,欧洲,葡萄牙,0.2
2006,欧洲,瑞典,20.02
2006,欧洲,瑞士,7.58
2006,欧洲,塞尔维亚和黑山,2
2006,欧洲,斯洛伐克,0.1
2006,欧洲,斯洛文尼亚,1.4
2006,欧洲,乌克兰,6.54
2006,欧洲,西班牙,136.72
2006,欧洲,希腊,0.35
2006,欧洲,匈牙利,53.65
2006,欧洲,亚美尼亚,1.25
2006,欧洲,意大利,74.41
2006,欧洲,英国,201.87
2006,亚洲,阿富汗,0.67
2006,亚洲,阿拉伯联合酋长国,144.63
2006,亚洲,阿曼,33.87
2006,亚洲,澳门特别行政区 (中国),612.47
2006,亚洲,巴基斯坦,148.24
2006,亚洲,巴林,0.27
2006,亚洲,朝鲜,45.55
2006,亚洲,东帝汶,0.45
2006,亚洲,菲律宾,21.85
2006,亚洲,哈萨克斯坦,276.24
2006,亚洲,韩国,949.24
2006,亚洲,吉尔吉斯,124.76
2006,亚洲,柬埔寨,103.66
2006,亚洲,卡塔尔,8.48
2006,亚洲,科威特,6.31
2006,亚洲,老挝,96.07
2006,亚洲,黎巴嫩,0.44
2006,亚洲,马来西亚,196.96
2006,亚洲,蒙古,314.67
2006,亚洲,孟加拉国,39.66
2006,亚洲,缅甸,163.12
2006,亚洲,尼泊尔,3.59
2006,亚洲,日本,223.98
2006,亚洲,塞浦路斯,1.06
2006,亚洲,沙特阿拉伯,272.84
2006,亚洲,斯里兰卡,8.46
2006,亚洲,塔吉克,30.28
2006,亚洲,台湾省,0.2
2006,亚洲,泰国,232.67
2006,亚洲,土耳其,10.38
2006,亚洲,土库曼,0.16
2006,亚洲,文莱,1.9
2006,亚洲,乌兹别克,14.97
2006,亚洲,香港特别行政区 (中国),42269.91
2006,亚洲,新加坡,468.01
2006,亚洲,叙利亚,16.81
2006,亚洲,也门共和国,63.76
2006,亚洲,伊拉克,436.18
2006,亚洲,伊朗,110.59
2006,亚洲,以色列,8.65
2006,亚洲,印度,25.83
2006,亚洲,印度尼西亚,225.51
2006,亚洲,约旦,11.06
2006,亚洲,越南,253.63
2007,北美洲,百慕大群岛,105.84
2007,北美洲,加拿大,1254.52
2007,北美洲,美国,1880.53
2007,大洋洲,澳大利亚,1444.01
2007,大洋洲,巴布亚新几内亚,258.11
2007,大洋洲,斐济,22.42
2007,大洋洲,马绍尔群岛共和国,36.16
2007,大洋洲,密克罗尼西亚联邦,7.41
2007,大洋洲,帕劳共和国,0.5
2007,大洋洲,萨摩亚,0.78
2007,大洋洲,汤加,7.11
2007,大洋洲,瓦努阿图,2.73
2007,大洋洲,新西兰,51.17
2007,非洲,阿尔及利亚,393.89
2007,非洲,埃及,131.6
2007,非洲,埃塞俄比亚,108.88
2007,非洲,安哥拉,78.46
2007,非洲,贝宁,35.6
2007,非洲,博茨瓦纳,43.39
2007,非洲,布隆迪,1.65
2007,非洲,赤道几内亚,44.63
2007,非洲,多哥,14.42
2007,非洲,厄立特里亚,7.22
2007,非洲,佛得角,4.65
2007,非洲,冈比亚,1.19
2007,非洲,刚果,65.4
2007,非洲,吉布提,1.6
2007,非洲,几内亚,69.97
2007,非洲,加纳,41.87
2007,非洲,加蓬,55.59
2007,非洲,津巴布韦,59.15
2007,非洲,喀麦隆,18.51
2007,非洲,科摩罗,4.05
2007,非洲,科特迪瓦共和国,28.18
2007,非洲,肯尼亚,55.13
2007,非洲,莱索托,7.6
2007,非洲,利比里亚,29.78
2007,非洲,利比亚,70.83
2007,非洲,卢旺达,7.3
2007,非洲,马达加斯加,76.01
2007,非洲,马拉维,1.16
2007,非洲,马里,32.22
2007,非洲,毛里求斯,115.9
2007,非洲,毛里塔尼亚,15.14
2007,非洲,民主刚果,104.4
2007,非洲,摩洛哥,29.65
2007,非洲,莫桑比克,34.24
2007,非洲,纳米比亚,7.24
2007,非洲,南非,702.37
2007,非洲,尼日尔,134.53
2007,非洲,尼日利亚,630.32
2007,非洲,塞拉利昂,32.28
2007,非洲,塞内加尔,4.39
2007,非洲,塞舌尔,6.55
2007,非洲,苏丹,574.85
2007,非洲,坦桑尼亚,110.92
2007,非洲,突尼斯,3.57
2007,非洲,乌干达,18.68
2007,非洲,赞比亚,429.36
2007,非洲,乍得,13.53
2007,非洲,中非,3.98
2007,拉丁美洲,阿根廷,157.19
2007,拉丁美洲,安提瓜和巴布达,1.25
2007,拉丁美洲,巴巴多斯,2.42
2007,拉丁美洲,巴哈马,56.51
2007,拉丁美洲,巴拿马,55.31
2007,拉丁美洲,巴西,189.55
2007,拉丁美洲,玻利维亚,23.03
2007,拉丁美洲,伯利兹,0.02
2007,拉丁美洲,多米尼克,0.7
2007,拉丁美洲,厄瓜多尔,49.18
2007,拉丁美洲,哥伦比亚,6.77
2007,拉丁美洲,格林纳达,7.53
2007,拉丁美洲,古巴,66.49
2007,拉丁美洲,圭亚那,68.6
2007,拉丁美洲,洪都拉斯,0.9
2007,拉丁美洲,开曼群岛,16810.68
2007,拉丁美洲,秘鲁,137.11
2007,拉丁美洲,墨西哥,151.44
2007,拉丁美洲,圣文森特和格林纳丁斯,20.8
2007,拉丁美洲,苏里南,65.28
2007,拉丁美洲,特立尼达和多巴哥,0.8
2007,拉丁美洲,委内瑞拉,143.88
2007,拉丁美洲,乌拉圭,2.11
2007,拉丁美洲,牙买加,0.02
2007,拉丁美洲,英属维尔京群岛,6626.54
2007,拉丁美洲,智利,56.8
2007,欧洲,阿尔巴尼亚,0.51
2007,欧洲,阿塞拜疆,10.19
2007,欧洲,爱尔兰,29.23
2007,欧洲,爱沙尼亚,1.26
2007,欧洲,奥地利,4.04
2007,欧洲,白俄罗斯,0.29
2007,欧洲,保加利亚,4.74
2007,欧洲,比利时,33.98
2007,欧洲,冰岛,0.05
2007,欧洲,波兰,98.93
2007,欧洲,波斯尼亚—黑塞哥维那,3.51
2007,欧洲,丹麦,36.75
2007,欧洲,德国,845.41
2007,欧洲,俄罗斯,1421.51
2007,欧洲,法国,126.81
2007,欧洲,芬兰,0.94
2007,欧洲,格鲁吉亚,42.93
2007,欧洲,荷兰,138.76
2007,欧洲,黑山,0.32
2007,欧洲,捷克,19.64
2007,欧洲,克罗地亚,7.84
2007,欧洲,拉脱维亚,0.57
2007,欧洲,立陶宛,3.93
2007,欧洲,列支敦士登,0.28
2007,欧洲,卢森堡,67.02
2007,欧洲,罗马尼亚,72.88
2007,欧洲,马耳他,1.87
2007,欧洲,马其顿,0.2
2007,欧洲,摩尔多瓦,0.78
2007,欧洲,挪威,3.75
2007,欧洲,葡萄牙,1.71
2007,欧洲,瑞典,146.93
2007,欧洲,瑞士,8.88
2007,欧洲,塞尔维亚,2
2007,欧洲,斯洛伐克,5.1
2007,欧洲,斯洛文尼亚,1.4
2007,欧洲,乌克兰,13.51
2007,欧洲,西班牙,142.85
2007,欧洲,希腊,0.38
2007,欧洲,匈牙利,78.17
2007,欧洲,亚美尼亚,1.25
2007,欧洲,意大利,127.13
2007,欧洲,英国,950.31
2007,亚洲,阿富汗,0.77
2007,亚洲,阿拉伯联合酋长国,234.31
2007,亚洲,阿曼,37.17
2007,亚洲,澳门特别行政区 (中国),910.67
2007,亚洲,巴基斯坦,1068.19
2007,亚洲,巴林,0.75
2007,亚洲,朝鲜,67.13
2007,亚洲,东帝汶,0.45
2007,亚洲,菲律宾,43.04
2007,亚洲,哈萨克斯坦,609.93
2007,亚洲,韩国,1214.14
2007,亚洲,吉尔吉斯,139.75
2007,亚洲,柬埔寨,168.11
2007,亚洲,卡塔尔,39.79
2007,亚洲,科威特,0.51
2007,亚洲,老挝,302.22
2007,亚洲,黎巴嫩,0.44
2007,亚洲,马来西亚,274.63
2007,亚洲,蒙古,592.17
2007,亚洲,孟加拉国,43.3
2007,亚洲,缅甸,261.77
2007,亚洲,尼泊尔,8.66
2007,亚洲,日本,558.27
2007,亚洲,塞浦路斯,1.36
2007,亚洲,沙特阿拉伯,404.03
2007,亚洲,斯里兰卡,7.74
2007,亚洲,塔吉克,98.99
2007,亚洲,台湾省,0.15
2007,亚洲,泰国,378.62
2007,亚洲,土耳其,11.99
2007,亚洲,土库曼,1.42
2007,亚洲,文莱,4.38
2007,亚洲,乌兹别克,30.82
2007,亚洲,香港特别行政区 (中国),68781.32
2007,亚洲,新加坡,1443.93
2007,亚洲,叙利亚,5.55
2007,亚洲,也门共和国,107.23
2007,亚洲,伊拉克,22.45
2007,亚洲,伊朗,122.35
2007,亚洲,以色列,10.87
2007,亚洲,印度,120.14
2007,亚洲,印度尼西亚,679.48
2007,亚洲,约旦,11.95
2007,亚洲,越南,396.99
2008,北美洲,百慕大群岛,1.45
2008,北美洲,加拿大,1268.43
2008,北美洲,美国,2389.9
2008,大洋洲,澳大利亚,3355.29
2008,大洋洲,巴布亚新几内亚,289.93
2008,大洋洲,斐济,30.6
2008,大洋洲,马绍尔群岛共和国,44.16
2008,大洋洲,密克罗尼西亚联邦,7.25
2008,大洋洲,帕劳共和国,8.5
2008,大洋洲,萨摩亚,0.78
2008,大洋洲,汤加,7.11
2008,大洋洲,瓦努阿图,2.73
2008,大洋洲,新西兰,69.65
2008,非洲,阿尔及利亚,508.82
2008,非洲,埃及,131.35
2008,非洲,埃塞俄比亚,126.45
2008,非洲,安哥拉,68.89
2008,非洲,贝宁,53.15
2008,非洲,博茨瓦纳,65.26
2008,非洲,布隆迪,1.65
2008,非洲,赤道几内亚,40.62
2008,非洲,多哥,23.12
2008,非洲,厄立特里亚,6.73
2008,非洲,佛得角,5.13
2008,非洲,冈比亚,1.19
2008,非洲,刚果,75.42
2008,非洲,吉布提,1.6
2008,非洲,几内亚,96.37
2008,非洲,加纳,58.02
2008,非洲,加蓬,88.14
2008,非洲,津巴布韦,60.01
2008,非洲,喀麦隆,20.34
2008,非洲,科摩罗,4.05
2008,非洲,科特迪瓦共和国,21.16
2008,非洲,肯尼亚,78.36
2008,非洲,莱索托,8.22
2008,非洲,利比里亚,37.36
2008,非洲,利比亚,81.58
2008,非洲,卢旺达,20.18
2008,非洲,马达加斯加,146.52
2008,非洲,马拉维,6.59
2008,非洲,马里,30.95
2008,非洲,毛里求斯,230.07
2008,非洲,毛里塔尼亚,24.76
2008,非洲,民主刚果,134.14
2008,非洲,摩洛哥,28.06
2008,非洲,莫桑比克,43
2008,非洲,纳米比亚,19.95
2008,非洲,南非,3048.62
2008,非洲,尼日尔,136.5
2008,非洲,尼日利亚,795.91
2008,非洲,塞拉利昂,43.7
2008,非洲,塞内加尔,10.61
2008,非洲,塞舌尔,6.6
2008,非洲,苏丹,528.25
2008,非洲,坦桑尼亚,190.22
2008,非洲,突尼斯,3.57
2008,非洲,乌干达,11.98
2008,非洲,赞比亚,651.33
2008,非洲,乍得,25.36
2008,非洲,中非,3.98
2008,拉丁美洲,阿根廷,173.36
2008,拉丁美洲,安提瓜和巴布达,1.25
2008,拉丁美洲,巴巴多斯,3.25
2008,拉丁美洲,巴哈马,0.6
2008,拉丁美洲,巴拉圭,4.78
2008,拉丁美洲,巴拿马,67.38
2008,拉丁美洲,巴西,217.05
2008,拉丁美洲,玻利维亚,28.62
2008,拉丁美洲,伯利兹,0.08
2008,拉丁美洲,多米尼加共和国,0.06
2008,拉丁美洲,多米尼克,0.7
2008,拉丁美洲,厄瓜多尔,88.6
2008,拉丁美洲,哥伦比亚,13.71
2008,拉丁美洲,格林纳达,7.65
2008,拉丁美洲,古巴,72.05
2008,拉丁美洲,圭亚那,69.5
2008,拉丁美洲,开曼群岛,20327.45
2008,拉丁美洲,秘鲁,194.34
2008,拉丁美洲,墨西哥,173.08
2008,拉丁美洲,圣文森特和格林纳丁斯,32.49
2008,拉丁美洲,苏里南,67.7
2008,拉丁美洲,特立尼达和多巴哥,0.8
2008,拉丁美洲,委内瑞拉,155.96
2008,拉丁美洲,乌拉圭,2.11
2008,拉丁美洲,牙买加,2.16
2008,拉丁美洲,英属维尔京群岛,10477.33
2008,拉丁美洲,智利,58.09
2008,欧洲,阿尔巴尼亚,0.51
2008,欧洲,阿塞拜疆,9.53
2008,欧洲,爱尔兰,107.77
2008,欧洲,爱沙尼亚,1.26
2008,欧洲,奥地利,4.04
2008,欧洲,白俄罗斯,2.39
2008,欧洲,保加利亚,4.74
2008,欧洲,比利时,33.3
2008,欧洲,冰岛,0.05
2008,欧洲,波兰,109.93
2008,欧洲,波斯尼亚—黑塞哥维那,3.51
2008,欧洲,丹麦,38.08
2008,欧洲,德国,845.5
2008,欧洲,俄罗斯,1838.28
2008,欧洲,法国,167.13
2008,欧洲,芬兰,3.59
2008,欧洲,格鲁吉亚,65.86
2008,欧洲,荷兰,234.42
2008,欧洲,黑山,0.32
2008,欧洲,捷克,32.43
2008,欧洲,克罗地亚,7.84
2008,欧洲,拉脱维亚,0.57
2008,欧洲,立陶宛,3.93
2008,欧洲,列支敦士登,0.28
2008,欧洲,卢森堡,122.83
2008,欧洲,罗马尼亚,85.66
2008,欧洲,马耳他,4.81
2008,欧洲,马其顿,0.2
2008,欧洲,摩尔多瓦,0.78
2008,欧洲,挪威,3.85
2008,欧洲,葡萄牙,1.71
2008,欧洲,瑞典,157.59
2008,欧洲,瑞士,8.91
2008,欧洲,塞尔维亚,2
2008,欧洲,斯洛伐克,5.1
2008,欧洲,斯洛文尼亚,1.4
2008,欧洲,乌克兰,15.92
2008,欧洲,西班牙,145.01
2008,欧洲,希腊,1.68
2008,欧洲,匈牙利,88.75
2008,欧洲,亚美尼亚,1.25
2008,欧洲,意大利,133.6
2008,欧洲,英国,837.66
2008,亚洲,阿富汗,114.69
2008,亚洲,阿拉伯联合酋长国,375.99
2008,亚洲,阿曼,14.22
2008,亚洲,澳门特别行政区 (中国),1560.78
2008,亚洲,巴基斯坦,1327.99
2008,亚洲,巴林,0.87
2008,亚洲,朝鲜,118.63
2008,亚洲,东帝汶,0.45
2008,亚洲,菲律宾,86.73
2008,亚洲,哈萨克斯坦,1402.3
2008,亚洲,韩国,850.34
2008,亚洲,吉尔吉斯,146.81
2008,亚洲,柬埔寨,390.66
2008,亚洲,卡塔尔,49.79
2008,亚洲,科威特,2.96
2008,亚洲,老挝,305.19
2008,亚洲,黎巴嫩,0.44
2008,亚洲,马来西亚,361.2
2008,亚洲,蒙古,895.56
2008,亚洲,孟加拉国,48.14
2008,亚洲,缅甸,499.71
2008,亚洲,尼泊尔,8.67
2008,亚洲,日本,509.69
2008,亚洲,塞浦路斯,1.36
2008,亚洲,沙特阿拉伯,620.68
2008,亚洲,斯里兰卡,16.78
2008,亚洲,塔吉克,227.17
2008,亚洲,台湾省,0.09
2008,亚洲,泰国,437.16
2008,亚洲,土耳其,22.36
2008,亚洲,土库曼,88.13
2008,亚洲,文莱,6.51
2008,亚洲,乌兹别克,77.64
2008,亚洲,香港特别行政区 (中国),115845.28
2008,亚洲,新加坡,3334.77
2008,亚洲,叙利亚,4.38
2008,亚洲,也门共和国,140.54
2008,亚洲,伊拉克,20.79
2008,亚洲,伊朗,94.27
2008,亚洲,以色列,9.87
2008,亚洲,印度,222.02
2008,亚洲,印度尼西亚,543.33
2008,亚洲,约旦,10.32
2008,亚洲,越南,521.73
2009,北美洲,百慕大群岛,175.94
2009,北美洲,加拿大,1670.34
2009,北美洲,美国,3338.42
2009,大洋洲,澳大利亚,5863.1
2009,大洋洲,巴布亚新几内亚,315.11
2009,大洋洲,斐济,33
2009,大洋洲,马绍尔群岛共和国,80.86
2009,大洋洲,密克罗尼西亚联邦,7.25
2009,大洋洲,帕劳共和国,8.52
2009,大洋洲,萨摩亚,2.4
2009,大洋洲,汤加,7.11
2009,大洋洲,瓦努阿图,7.75
2009,大洋洲,新西兰,93.85
2009,非洲,阿尔及利亚,751.26
2009,非洲,埃及,285.07
2009,非洲,埃塞俄比亚,283.44
2009,非洲,安哥拉,195.54
2009,非洲,贝宁,54.01
2009,非洲,博茨瓦纳,119.25
2009,非洲,布隆迪,4.64
2009,非洲,赤道几内亚,61.5
2009,非洲,多哥,33.02
2009,非洲,厄立特里亚,9.6
2009,非洲,佛得角,5.04
2009,非洲,冈比亚,1.19
2009,非洲,刚果,115.17
2009,非洲,吉布提,7.03
2009,非洲,几内亚,129.32
2009,非洲,几内亚比绍,27
2009,非洲,加纳,185.04
2009,非洲,加蓬,100.05
2009,非洲,津巴布韦,99.75
2009,非洲,喀麦隆,25.05
2009,非洲,科摩罗,4.05
2009,非洲,科特迪瓦共和国,37.65
2009,非洲,肯尼亚,120.36
2009,非洲,莱索托,8.32
2009,非洲,利比里亚,56.39
2009,非洲,利比亚,42.69
2009,非洲,卢旺达,28.8
2009,非洲,马达加斯加,196.22
2009,非洲,马拉维,14.54
2009,非洲,马里,44.72
2009,非洲,毛里求斯,242.84
2009,非洲,毛里塔尼亚,31.29
2009,非洲,民主刚果,397.43
2009,非洲,摩洛哥,48.78
2009,非洲,莫桑比克,74.96
2009,非洲,纳米比亚,46.18
2009,非洲,南非,2306.86
2009,非洲,尼日尔,184.2
2009,非洲,尼日利亚,1025.96
2009,非洲,塞拉利昂,51.23
2009,非洲,塞内加尔,26.07
2009,非洲,塞舌尔,7
2009,非洲,苏丹,563.89
2009,非洲,坦桑尼亚,281.79
2009,非洲,突尼斯,2.27
2009,非洲,乌干达,58.56
2009,非洲,赞比亚,843.97
2009,非洲,乍得,76.57
2009,非洲,中非,16.71
2009,拉丁美洲,阿根廷,169.05
2009,拉丁美洲,安提瓜和巴布达,1.25
2009,拉丁美洲,巴巴多斯,6
2009,拉丁美洲,巴哈马,1.6
2009,拉丁美洲,巴拉圭,11.25
2009,拉丁美洲,巴拿马,81.09
2009,拉丁美洲,巴西,360.89
2009,拉丁美洲,玻利维亚,55.65
2009,拉丁美洲,伯利兹,0.08
2009,拉丁美洲,多米尼加共和国,0.12
2009,拉丁美洲,多米尼克,0.7
2009,拉丁美洲,厄瓜多尔,106.6
2009,拉丁美洲,哥伦比亚,20.5
2009,拉丁美洲,哥斯达黎加,2
2009,拉丁美洲,格林纳达,7.65
2009,拉丁美洲,古巴,85.32
2009,拉丁美洲,圭亚那,149.61
2009,拉丁美洲,开曼群岛,13577.07
2009,拉丁美洲,秘鲁,284.54
2009,拉丁美洲,墨西哥,173.9
2009,拉丁美洲,圣文森特和格林纳丁斯,23.03
2009,拉丁美洲,苏里南,68.8
2009,拉丁美洲,特立尼达和多巴哥,0.8
2009,拉丁美洲,委内瑞拉,271.96
2009,拉丁美洲,乌拉圭,7.15
2009,拉丁美洲,牙买加,2.16
2009,拉丁美洲,英属维尔京群岛,15060.69
2009,拉丁美洲,智利,66.02
2009,欧洲,阿尔巴尼亚,4.35
2009,欧洲,阿塞拜疆,12
2009,欧洲,爱尔兰,106.82
2009,欧洲,爱沙尼亚,7.5
2009,欧洲,奥地利,1.55
2009,欧洲,白俄罗斯,4.49
2009,欧洲,保加利亚,2.31
2009,欧洲,比利时,56.91
2009,欧洲,冰岛,0.05
2009,欧洲,波兰,120.3
2009,欧洲,波斯尼亚—黑塞哥维那,5.92
2009,欧洲,丹麦,40.79
2009,欧洲,德国,1082.24
2009,欧洲,俄罗斯,2220.37
2009,欧洲,法国,221.03
2009,欧洲,芬兰,9.04
2009,欧洲,格鲁吉亚,75.33
2009,欧洲,荷兰,335.87
2009,欧洲,黑山,0.32
2009,欧洲,捷克,49.34
2009,欧洲,克罗地亚,8.1
2009,欧洲,拉脱维亚,0.54
2009,欧洲,立陶宛,3.93
2009,欧洲,列支敦士登,0.36
2009,欧洲,卢森堡,2484.38
2009,欧洲,罗马尼亚,93.34
2009,欧洲,马耳他,5.03
2009,欧洲,马其顿,0.2
2009,欧洲,摩尔多瓦,0.78
2009,欧洲,挪威,12.95
2009,欧洲,葡萄牙,5.02
2009,欧洲,瑞典,111.89
2009,欧洲,瑞士,30.3
2009,欧洲,塞尔维亚,2.68
2009,欧洲,斯洛伐克,9.36
2009,欧洲,斯洛文尼亚,5
2009,欧洲,乌克兰,20.79
2009,欧洲,西班牙,205.23
2009,欧洲,希腊,1.68
2009,欧洲,匈牙利,97.41
2009,欧洲,亚美尼亚,1.32
2009,欧洲,意大利,191.68
2009,欧洲,英国,1028.28
2009,亚洲,阿富汗,181.32
2009,亚洲,阿拉伯联合酋长国,440.29
2009,亚洲,阿曼,7.97
2009,亚洲,澳门特别行政区 (中国),1837.23
2009,亚洲,巴基斯坦,1458.09
2009,亚洲,巴林,0.87
2009,亚洲,朝鲜,261.52
2009,亚洲,东帝汶,7.45
2009,亚洲,菲律宾,142.59
2009,亚洲,哈萨克斯坦,1516.21
2009,亚洲,韩国,1217.8
2009,亚洲,吉尔吉斯,283.72
2009,亚洲,柬埔寨,633.26
2009,亚洲,卡塔尔,36.28
2009,亚洲,科威特,5.88
2009,亚洲,老挝,535.67
2009,亚洲,黎巴嫩,1.57
2009,亚洲,马来西亚,479.89
2009,亚洲,蒙古,1241.66
2009,亚洲,孟加拉国,60.3
2009,亚洲,缅甸,929.88
2009,亚洲,尼泊尔,14.13
2009,亚洲,日本,692.86
2009,亚洲,塞浦路斯,1.36
2009,亚洲,沙特阿拉伯,710.89
2009,亚洲,斯里兰卡,15.81
2009,亚洲,塔吉克,162.79
2009,亚洲,台湾省,0.13
2009,亚洲,泰国,447.88
2009,亚洲,土耳其,386.17
2009,亚洲,土库曼,207.97
2009,亚洲,文莱,17.37
2009,亚洲,乌兹别克,85.22
2009,亚洲,香港特别行政区 (中国),164498.94
2009,亚洲,新加坡,4857.32
2009,亚洲,叙利亚,8.49
2009,亚洲,也门共和国,149.3
2009,亚洲,伊拉克,22.58
2009,亚洲,伊朗,217.8
2009,亚洲,以色列,11.37
2009,亚洲,印度,221.27
2009,亚洲,印度尼西亚,799.06
2009,亚洲,约旦,10.54
2009,亚洲,越南,728.5
2010,北美洲,百慕大群岛,352.67
2010,北美洲,加拿大,2602.6
2010,北美洲,美国,4873.99
2010,大洋洲,澳大利亚,7867.75
2010,大洋洲,巴布亚新几内亚,323.26
2010,大洋洲,斐济,39.43
2010,大洋洲,马绍尔群岛共和国,73.52
2010,大洋洲,密克罗尼西亚联邦,7.25
2010,大洋洲,帕劳共和国,9.02
2010,大洋洲,其他国家地区,6.67
2010,大洋洲,萨摩亚,101.33
2010,大洋洲,汤加,7.11
2010,大洋洲,瓦努阿图,12.84
2010,大洋洲,新西兰,159.11
2010,非洲,阿尔及利亚,937.26
2010,非洲,埃及,336.72
2010,非洲,埃塞俄比亚,368.06
2010,非洲,安哥拉,351.77
2010,非洲,贝宁,39.33
2010,非洲,博茨瓦纳,178.52
2010,非洲,布隆迪,6.51
2010,非洲,赤道几内亚,86.25
2010,非洲,多哥,58.11
2010,非洲,厄立特里亚,12.54
2010,非洲,佛得角,4.58
2010,非洲,冈比亚,1.19
2010,非洲,刚果,135.88
2010,非洲,吉布提,12.47
2010,非洲,几内亚,136.41
2010,非洲,几内亚比绍,27
2010,非洲,加纳,202
2010,非洲,加蓬,125.34
2010,非洲,津巴布韦,134.54
2010,非洲,喀麦隆,59.61
2010,非洲,科摩罗,4.04
2010,非洲,科特迪瓦共和国,32.99
2010,非洲,肯尼亚,221.58
2010,非洲,莱索托,8.88
2010,非洲,利比里亚,81.67
2010,非洲,利比亚,32.19
2010,非洲,卢旺达,41.63
2010,非洲,马达加斯加,229.87
2010,非洲,马拉维,32.4
2010,非洲,马里,47.77
2010,非洲,毛里求斯,283.29
2010,非洲,毛里塔尼亚,45.88
2010,非洲,民主刚果,630.92
2010,非洲,摩洛哥,55.85
2010,非洲,莫桑比克,75.24
2010,非洲,纳米比亚,47.11
2010,非洲,南非,4152.98
2010,非洲,尼日尔,379.36
2010,非洲,尼日利亚,1210.85
2010,非洲,塞拉利昂,41.48
2010,非洲,塞内加尔,45.03
2010,非洲,塞舌尔,19.36
2010,非洲,圣多美和普林西比,0.31
2010,非洲,苏丹,613.36
2010,非洲,坦桑尼亚,307.51
2010,非洲,突尼斯,2.53
2010,非洲,乌干达,113.68
2010,非洲,赞比亚,943.73
2010,非洲,乍得,80
2010,非洲,中非,46.54
2010,拉丁美洲,阿根廷,218.99
2010,拉丁美洲,安提瓜和巴布达,1.25
2010,拉丁美洲,巴巴多斯,3.88
2010,拉丁美洲,巴哈马,1.6
2010,拉丁美洲,巴拉圭,39.07
2010,拉丁美洲,巴拿马,236.58
2010,拉丁美洲,巴西,923.65
2010,拉丁美洲,玻利维亚,64.85
2010,拉丁美洲,多米尼加共和国,0.12
2010,拉丁美洲,多米尼克,4.15
2010,拉丁美洲,厄瓜多尔,129.58
2010,拉丁美洲,哥伦比亚,22.97
2010,拉丁美洲,哥斯达黎加,2.08
2010,拉丁美洲,格林纳达,14.52
2010,拉丁美洲,古巴,68.98
2010,拉丁美洲,圭亚那,183.17
2010,拉丁美洲,开曼群岛,17256.27
2010,拉丁美洲,秘鲁,654.49
2010,拉丁美洲,墨西哥,152.87
2010,拉丁美洲,圣文森特和格林纳丁斯,36.19
2010,拉丁美洲,苏里南,78.84
2010,拉丁美洲,特立尼达和多巴哥,0.8
2010,拉丁美洲,委内瑞拉,416.52
2010,拉丁美洲,乌拉圭,7.51
2010,拉丁美洲,牙买加,4.37
2010,拉丁美洲,英属维尔京群岛,23242.76
2010,拉丁美洲,智利,109.58
2010,欧洲,阿尔巴尼亚,4.43
2010,欧洲,阿塞拜疆,12.38
2010,欧洲,爱尔兰,139.91
2010,欧洲,爱沙尼亚,7.5
2010,欧洲,奥地利,2.01
2010,欧洲,白俄罗斯,23.71
2010,欧洲,保加利亚,18.6
2010,欧洲,比利时,101.01
2010,欧洲,波兰,140.31
2010,欧洲,波斯尼亚—黑塞哥维那,5.98
2010,欧洲,丹麦,42.47
2010,欧洲,德国,1502.29
2010,欧洲,俄罗斯,2787.56
2010,欧洲,法国,243.62
2010,欧洲,芬兰,27.25
2010,欧洲,格鲁吉亚,130.17
2010,欧洲,荷兰,486.71
2010,欧洲,黑山,0.32
2010,欧洲,捷克,52.33
2010,欧洲,克罗地亚,8.13
2010,欧洲,拉脱维亚,0.54
2010,欧洲,立陶宛,3.93
2010,欧洲,列支敦士登,3.91
2010,欧洲,卢森堡,5786.75
2010,欧洲,罗马尼亚,124.95
2010,欧洲,马耳他,2.66
2010,欧洲,马其顿,0.2
2010,欧洲,摩尔多瓦,0.78
2010,欧洲,挪威,147.76
2010,欧洲,葡萄牙,21.37
2010,欧洲,瑞典,1479.12
2010,欧洲,瑞士,58.54
2010,欧洲,塞尔维亚,4.84
2010,欧洲,斯洛伐克,9.82
2010,欧洲,斯洛文尼亚,5
2010,欧洲,乌克兰,22.29
2010,欧洲,西班牙,247.76
2010,欧洲,希腊,4.23
2010,欧洲,匈牙利,465.7
2010,欧洲,亚美尼亚,1.32
2010,欧洲,意大利,223.8
2010,欧洲,英国,1358.35
2010,亚洲,阿富汗,168.59
2010,亚洲,阿拉伯联合酋长国,764.29
2010,亚洲,阿曼,21.11
2010,亚洲,澳门特别行政区 (中国),2229.29
2010,亚洲,巴基斯坦,1828.01
2010,亚洲,巴林,0.87
2010,亚洲,朝鲜,240.1
2010,亚洲,东帝汶,7.45
2010,亚洲,菲律宾,387.34
2010,亚洲,哈萨克斯坦,1590.54
2010,亚洲,韩国,637.25
2010,亚洲,吉尔吉斯,394.32
2010,亚洲,柬埔寨,1129.77
2010,亚洲,卡塔尔,77.05
2010,亚洲,科威特,50.87
2010,亚洲,老挝,845.75
2010,亚洲,黎巴嫩,2.01
2010,亚洲,马来西亚,708.8
2010,亚洲,蒙古,1435.52
2010,亚洲,孟加拉国,67.58
2010,亚洲,缅甸,1946.75
2010,亚洲,尼泊尔,15.94
2010,亚洲,日本,1105.63
2010,亚洲,塞浦路斯,1.36
2010,亚洲,沙特阿拉伯,760.56
2010,亚洲,斯里兰卡,72.74
2010,亚洲,塔吉克,191.63
2010,亚洲,台湾省,18.19
2010,亚洲,泰国,1080
2010,亚洲,土耳其,403.63
2010,亚洲,土库曼,658.48
2010,亚洲,文莱,45.66
2010,亚洲,乌兹别克,83
2010,亚洲,香港特别行政区 (中国),199055.57
2010,亚洲,新加坡,6069.1
2010,亚洲,叙利亚,16.61
2010,亚洲,也门共和国,184.66
2010,亚洲,伊拉克,483.45
2010,亚洲,伊朗,715.16
2010,亚洲,以色列,21.87
2010,亚洲,印度,479.8
2010,亚洲,印度尼西亚,1150.44
2010,亚洲,约旦,12.63
2010,亚洲,越南,986.6
2011,北美洲,百慕大群岛,751.84
2011,北美洲,加拿大,3727.56
2011,北美洲,美国,8993.03
2011,大洋洲,澳大利亚,11041.25
2011,大洋洲,巴布亚新几内亚,341.52
2011,大洋洲,斐济,61.07
2011,大洋洲,马绍尔群岛共和国,107.37
2011,大洋洲,密克罗尼西亚联邦,4.36
2011,大洋洲,帕劳共和国,9.59
2011,大洋洲,萨摩亚,229.79
2011,大洋洲,汤加,7.11
2011,大洋洲,瓦努阿图,19.92
2011,大洋洲,新西兰,185.46
2011,非洲,阿尔及利亚,1059.45
2011,非洲,埃及,403.17
2011,非洲,埃塞俄比亚,426.79
2011,非洲,安哥拉,400.59
2011,非洲,贝宁,40.03
2011,非洲,博茨瓦纳,200.38
2011,非洲,布隆迪,7.2
2011,非洲,赤道几内亚,98.68
2011,非洲,多哥,67.15
2011,非洲,厄立特里亚,14.31
2011,非洲,佛得角,4.58
2011,非洲,冈比亚,1.19
2011,非洲,刚果,142.4
2011,非洲,吉布提,18.13
2011,非洲,几内亚,168.43
2011,非洲,几内亚比绍,27
2011,非洲,加纳,270.15
2011,非洲,加蓬,127.1
2011,非洲,津巴布韦,576.44
2011,非洲,喀麦隆,61.54
2011,非洲,科摩罗,4.04
2011,非洲,科特迪瓦共和国,34.67
2011,非洲,肯尼亚,308.83
2011,非洲,莱索托,8.91
2011,非洲,利比里亚,114.74
2011,非洲,利比亚,67.78
2011,非洲,卢旺达,58.52
2011,非洲,马达加斯加,253.63
2011,非洲,马拉维,30.07
2011,非洲,马里,160.06
2011,非洲,毛里求斯,605.94
2011,非洲,毛里塔尼亚,74.71
2011,非洲,民主刚果,709.26
2011,非洲,摩洛哥,89.48
2011,非洲,莫桑比克,98.07
2011,非洲,纳米比亚,60.21
2011,非洲,南非,4059.73
2011,非洲,南苏丹,0.05
2011,非洲,尼日尔,429.57
2011,非洲,尼日利亚,1415.61
2011,非洲,塞拉利昂,52.23
2011,非洲,塞内加尔,45.2
2011,非洲,塞舌尔,23.8
2011,非洲,圣多美和普林西比,0.31
2011,非洲,苏丹,1525.64
2011,非洲,坦桑尼亚,407.07
2011,非洲,突尼斯,6.29
2011,非洲,乌干达,126.21
2011,非洲,赞比亚,1199.84
2011,非洲,乍得,108.12
2011,非洲,中非,51.02
2011,拉丁美洲,阿根廷,405.25
2011,拉丁美洲,安提瓜和巴布达,4.84
2011,拉丁美洲,巴巴多斯,3.13
2011,拉丁美洲,巴哈马,1.6
2011,拉丁美洲,巴拉圭,44.65
2011,拉丁美洲,巴拿马,330.78
2011,拉丁美洲,巴西,1071.79
2011,拉丁美洲,玻利维亚,66.32
2011,拉丁美洲,多米尼加共和国,0.12
2011,拉丁美洲,多米尼克,8.15
2011,拉丁美洲,厄瓜多尔,95.24
2011,拉丁美洲,哥伦比亚,59.8
2011,拉丁美洲,哥斯达黎加,2.09
2011,拉丁美洲,格林纳达,14.54
2011,拉丁美洲,古巴,146.37
2011,拉丁美洲,圭亚那,135.13
2011,拉丁美洲,开曼群岛,21692.32
2011,拉丁美洲,秘鲁,802.24
2011,拉丁美洲,墨西哥,263.88
2011,拉丁美洲,圣文森特和格林纳丁斯,36.2
2011,拉丁美洲,苏里南,78.84
2011,拉丁美洲,特立尼达和多巴哥,0.9
2011,拉丁美洲,委内瑞拉,501
2011,拉丁美洲,乌拉圭,8.15
2011,拉丁美洲,牙买加,39.07
2011,拉丁美洲,英属维尔京群岛,29261.41
2011,拉丁美洲,智利,97.94
2011,欧洲,阿尔巴尼亚,4.43
2011,欧洲,阿塞拜疆,30.06
2011,欧洲,爱尔兰,156.83
2011,欧洲,爱沙尼亚,7.5
2011,欧洲,奥地利,24.54
2011,欧洲,白俄罗斯,29.07
2011,欧洲,保加利亚,72.56
2011,欧洲,比利时,140.5
2011,欧洲,波兰,201.26
2011,欧洲,波斯尼亚—黑塞哥维那,6.01
2011,欧洲,丹麦,49.13
2011,欧洲,德国,2401.44
2011,欧洲,俄罗斯,3763.64
2011,欧洲,法国,3723.89
2011,欧洲,芬兰,31
2011,欧洲,格鲁吉亚,109.35
2011,欧洲,荷兰,664.68
2011,欧洲,黑山,0.32
2011,欧洲,捷克,66.83
2011,欧洲,克罗地亚,8.18
2011,欧洲,拉脱维亚,0.54
2011,欧洲,立陶宛,3.93
2011,欧洲,列支敦士登,3.91
2011,欧洲,卢森堡,7081.97
2011,欧洲,罗马尼亚,125.83
2011,欧洲,马耳他,3.37
2011,欧洲,马其顿,0.2
2011,欧洲,摩尔多瓦,0.78
2011,欧洲,挪威,166.59
2011,欧洲,葡萄牙,33.13
2011,欧洲,瑞典,1531.22
2011,欧洲,瑞士,91.94
2011,欧洲,塞尔维亚,5.05
2011,欧洲,斯洛伐克,25.78
2011,欧洲,斯洛文尼亚,5
2011,欧洲,乌克兰,29.29
2011,欧洲,西班牙,389.31
2011,欧洲,希腊,4.63
2011,欧洲,匈牙利,475.35
2011,欧洲,亚美尼亚,1.32
2011,欧洲,意大利,449.09
2011,欧洲,英国,2530.58
2011,亚洲,阿富汗,465.13
2011,亚洲,阿拉伯联合酋长国,1174.5
2011,亚洲,阿曼,29.38
2011,亚洲,澳门特别行政区 (中国),2675.89
2011,亚洲,巴基斯坦,2162.99
2011,亚洲,巴林,1.02
2011,亚洲,朝鲜,312.61
2011,亚洲,东帝汶,7.45
2011,亚洲,菲律宾,494.27
2011,亚洲,哈萨克斯坦,2858.45
2011,亚洲,韩国,1582.68
2011,亚洲,吉尔吉斯,525.05
2011,亚洲,柬埔寨,1757.44
2011,亚洲,卡塔尔,130.18
2011,亚洲,科威特,92.86
2011,亚洲,老挝,1276.2
2011,亚洲,黎巴嫩,2.01
2011,亚洲,马来西亚,797.62
2011,亚洲,蒙古,1886.62
2011,亚洲,孟加拉国,76.68
2011,亚洲,缅甸,2181.52
2011,亚洲,尼泊尔,24.8
2011,亚洲,日本,1366.22
2011,亚洲,塞浦路斯,90.9
2011,亚洲,沙特阿拉伯,883.14
2011,亚洲,斯里兰卡,162.58
2011,亚洲,塔吉克,216.74
2011,亚洲,台湾省,29.35
2011,亚洲,泰国,1307.26
2011,亚洲,土耳其,406.48
2011,亚洲,土库曼,276.48
2011,亚洲,文莱,66.13
2011,亚洲,乌兹别克,156.47
2011,亚洲,香港特别行政区 (中国),261518.52
2011,亚洲,新加坡,10602.69
2011,亚洲,叙利亚,14.83
2011,亚洲,也门共和国,191.45
2011,亚洲,伊拉克,605.91
2011,亚洲,伊朗,1351.56
2011,亚洲,以色列,23.88
2011,亚洲,印度,657.38
2011,亚洲,印度尼西亚,1687.91
2011,亚洲,约旦,12.81
2011,亚洲,越南,1290.66
2012,北美洲,百慕大群岛,3372.5
2012,北美洲,加拿大,5050.72
2012,北美洲,美国,17079.77
2012,大洋洲,澳大利亚,13873.05
2012,大洋洲,巴布亚新几内亚,365.48
2012,大洋洲,斐济,170.91
2012,大洋洲,库克群岛,0.12
2012,大洋洲,马绍尔群岛共和国,116.87
2012,大洋洲,密克罗尼西亚联邦,7.77
2012,大洋洲,帕劳共和国,9.59
2012,大洋洲,萨摩亚,266.01
2012,大洋洲,汤加,7.11
2012,大洋洲,瓦努阿图,23.31
2012,大洋洲,新西兰,273.85
2012,非洲,阿尔及利亚,1305.33
2012,非洲,埃及,459.19
2012,非洲,埃塞俄比亚,606.55
2012,非洲,安哥拉,1245.1
2012,非洲,贝宁,47.6
2012,非洲,博茨瓦纳,220.15
2012,非洲,布隆迪,8.7
2012,非洲,赤道几内亚,404.64
2012,非洲,多哥,98.38
2012,非洲,厄立特里亚,103.78
2012,非洲,佛得角,11.6
2012,非洲,冈比亚,1.19
2012,非洲,刚果,504.9
2012,非洲,吉布提,17.99
2012,非洲,几内亚,234.67
2012,非洲,几内亚比绍,27
2012,非洲,加纳,505.27
2012,非洲,加蓬,128.47
2012,非洲,津巴布韦,874.67
2012,非洲,喀麦隆,79.5
2012,非洲,科摩罗,4.54
2012,非洲,科特迪瓦共和国,40.04
2012,非洲,肯尼亚,402.73
2012,非洲,莱索托,9.13
2012,非洲,利比里亚,154.37
2012,非洲,利比亚,65.19
2012,非洲,卢旺达,63.54
2012,非洲,马达加斯加,274.55
2012,非洲,马拉维,49.3
2012,非洲,马里,211.43
2012,非洲,毛里求斯,700.8
2012,非洲,毛里塔尼亚,106.15
2012,非洲,民主刚果,970.49
2012,非洲,摩洛哥,95.22
2012,非洲,莫桑比克,336.91
2012,非洲,纳米比亚,94.53
2012,非洲,南非,4775.07
2012,非洲,南苏丹,10.9
2012,非洲,尼日尔,125.33
2012,非洲,尼日利亚,1949.87
2012,非洲,塞拉利昂,57.71
2012,非洲,塞内加尔,102.22
2012,非洲,塞舌尔,77.19
2012,非洲,圣多美和普林西比,0.38
2012,非洲,苏丹,1236.6
2012,非洲,坦桑尼亚,540.8
2012,非洲,突尼斯,5.69
2012,非洲,乌干达,141.1
2012,非洲,赞比亚,1998.11
2012,非洲,乍得,194.12
2012,非洲,中非,51.02
2012,拉丁美洲,阿根廷,897.19
2012,拉丁美洲,安提瓜和巴布达,5.44
2012,拉丁美洲,巴巴多斯,3.95
2012,拉丁美洲,巴哈马,0.6
2012,拉丁美洲,巴拉圭,46.06
2012,拉丁美洲,巴拿马,196.62
2012,拉丁美洲,巴西,1449.51
2012,拉丁美洲,玻利维亚,156.19
2012,拉丁美洲,多米尼加共和国,1.12
2012,拉丁美洲,多米尼克,8.15
2012,拉丁美洲,厄瓜多尔,407.63
2012,拉丁美洲,哥伦比亚,346.15
2012,拉丁美洲,哥斯达黎加,2.09
2012,拉丁美洲,格林纳达,14.54
2012,拉丁美洲,古巴,135.69
2012,拉丁美洲,圭亚那,151.88
2012,拉丁美洲,开曼群岛,30072
2012,拉丁美洲,秘鲁,752.87
2012,拉丁美洲,墨西哥,368.48
2012,拉丁美洲,圣文森特和格林纳丁斯,36.2
2012,拉丁美洲,苏里南,45.61
2012,拉丁美洲,特立尼达和多巴哥,1.09
2012,拉丁美洲,委内瑞拉,2042.76
2012,拉丁美洲,乌拉圭,17.65
2012,拉丁美洲,牙买加,74.93
2012,拉丁美洲,英属维尔京群岛,30850.95
2012,拉丁美洲,智利,126.28
2012,欧洲,阿尔巴尼亚,4.43
2012,欧洲,阿塞拜疆,31.68
2012,欧洲,爱尔兰,193.77
2012,欧洲,爱沙尼亚,3.5
2012,欧洲,奥地利,79.46
2012,欧洲,白俄罗斯,77.47
2012,欧洲,保加利亚,126.74
2012,欧洲,比利时,230.69
2012,欧洲,波兰,208.11
2012,欧洲,波斯尼亚—黑塞哥维那,6.07
2012,欧洲,丹麦,53.24
2012,欧洲,德国,3104.35
2012,欧洲,俄罗斯,4888.49
2012,欧洲,法国,3950.77
2012,欧洲,芬兰,34.03
2012,欧洲,格鲁吉亚,178.08
2012,欧洲,荷兰,1107.92
2012,欧洲,黑山,0.32
2012,欧洲,捷克,202.45
2012,欧洲,克罗地亚,8.63
2012,欧洲,拉脱维亚,0.54
2012,欧洲,立陶宛,6.97
2012,欧洲,列支敦士登,3.91
2012,欧洲,卢森堡,8977.89
2012,欧洲,罗马尼亚,161.09
2012,欧洲,马耳他,3.37
2012,欧洲,马其顿,0.26
2012,欧洲,摩尔多瓦,2.11
2012,欧洲,挪威,188.13
2012,欧洲,葡萄牙,40.38
2012,欧洲,瑞典,2408.17
2012,欧洲,瑞士,101.32
2012,欧洲,塞尔维亚,6.47
2012,欧洲,斯洛伐克,86.01
2012,欧洲,斯洛文尼亚,5
2012,欧洲,乌克兰,33.14
2012,欧洲,西班牙,437.25
2012,欧洲,希腊,5.98
2012,欧洲,匈牙利,507.41
2012,欧洲,亚美尼亚,1.32
2012,欧洲,意大利,573.93
2012,欧洲,英国,8934.27
2012,亚洲,阿富汗,482.74
2012,亚洲,阿拉伯联合酋长国,1336.78
2012,亚洲,阿曼,33.35
2012,亚洲,澳门特别行政区 (中国),2929.27
2012,亚洲,巴基斯坦,2233.61
2012,亚洲,巴勒斯坦,0.02
2012,亚洲,巴林,6.8
2012,亚洲,朝鲜,422.36
2012,亚洲,东帝汶,7.45
2012,亚洲,菲律宾,593.14
2012,亚洲,哈萨克斯坦,6251.39
2012,亚洲,韩国,3081.9
2012,亚洲,吉尔吉斯,662.19
2012,亚洲,柬埔寨,2317.68
2012,亚洲,卡塔尔,220.66
2012,亚洲,科威特,82.84
2012,亚洲,老挝,1927.84
2012,亚洲,黎巴嫩,3.01
2012,亚洲,马来西亚,1026.13
2012,亚洲,蒙古,2954.03
2012,亚洲,孟加拉国,117.25
2012,亚洲,缅甸,3093.72
2012,亚洲,尼泊尔,33.58
2012,亚洲,日本,1619.91
2012,亚洲,塞浦路斯,94.95
2012,亚洲,沙特阿拉伯,1205.86
2012,亚洲,斯里兰卡,178.58
2012,亚洲,塔吉克,476.12
2012,亚洲,台湾省,135.32
2012,亚洲,泰国,2126.93
2012,亚洲,土耳其,502.51
2012,亚洲,土库曼,287.77
2012,亚洲,文莱,66.35
2012,亚洲,乌兹别克,146.18
2012,亚洲,香港特别行政区 (中国),306372.45
2012,亚洲,新加坡,12383.33
2012,亚洲,叙利亚,14.46
2012,亚洲,也门共和国,221.3
2012,亚洲,伊拉克,754.32
2012,亚洲,伊朗,2070.46
2012,亚洲,以色列,38.46
2012,亚洲,印度,1169.1
2012,亚洲,印度尼西亚,3098.04
2012,亚洲,约旦,22.54
2012,亚洲,越南,1604.38
2013,北美洲,百慕大群岛,513.99
2013,北美洲,加拿大,6196.19
2013,北美洲,美国,21899.56
2013,大洋洲,澳大利亚,17449.68
2013,大洋洲,巴布亚新几内亚,422.3
2013,大洋洲,斐济,208.41
2013,大洋洲,基里巴斯,0.82
2013,大洋洲,库克群岛,0.29
2013,大洋洲,马绍尔群岛共和国,116.87
2013,大洋洲,密克罗尼西亚联邦,8.23
2013,大洋洲,帕劳共和国,9.59
2013,大洋洲,萨摩亚,188.08
2013,大洋洲,汤加,7.11
2013,大洋洲,瓦努阿图,64.01
2013,大洋洲,新西兰,541.73
2013,非洲,阿尔及利亚,1497.21
2013,非洲,埃及,511.13
2013,非洲,埃塞俄比亚,771.84
2013,非洲,安哥拉,1634.74
2013,非洲,贝宁,49.91
2013,非洲,博茨瓦纳,230.9
2013,非洲,布基纳法索,4.34
2013,非洲,布隆迪,9.79
2013,非洲,赤道几内亚,260.85
2013,非洲,多哥,123.09
2013,非洲,厄立特里亚,104.55
2013,非洲,佛得角,15.23
2013,非洲,冈比亚,1.19
2013,非洲,刚果,695.43
2013,非洲,吉布提,30.55
2013,非洲,几内亚,338.58
2013,非洲,几内亚比绍,27
2013,非洲,加纳,834.84
2013,非洲,加蓬,168.48
2013,非洲,津巴布韦,1520.83
2013,非洲,喀麦隆,148.4
2013,非洲,科摩罗,4.54
2013,非洲,科特迪瓦共和国,35
2013,非洲,肯尼亚,635.9
2013,非洲,莱索托,9.13
2013,非洲,利比里亚,196.1
2013,非洲,利比亚,108.82
2013,非洲,卢旺达,73.33
2013,非洲,马达加斯加,286.1
2013,非洲,马拉维,253.82
2013,非洲,马里,316.67
2013,非洲,毛里求斯,849.59
2013,非洲,毛里塔尼亚,108.28
2013,非洲,民主刚果,1091.76
2013,非洲,摩洛哥,102.96
2013,非洲,莫桑比克,508.09
2013,非洲,纳米比亚,349.45
2013,非洲,南非,4400.4
2013,非洲,南苏丹,26.47
2013,非洲,尼日尔,241.87
2013,非洲,尼日利亚,2146.07
2013,非洲,塞拉利昂,108.36
2013,非洲,塞内加尔,83.25
2013,非洲,塞舌尔,103.47
2013,非洲,圣多美和普林西比,0.38
2013,非洲,苏丹,1507.04
2013,非洲,坦桑尼亚,716.46
2013,非洲,突尼斯,13.86
2013,非洲,乌干达,383.76
2013,非洲,赞比亚,2164.32
2013,非洲,乍得,321.26
2013,非洲,中非,60.38
2013,拉丁美洲,阿根廷,1658.2
2013,拉丁美洲,安提瓜和巴布达,6.3
2013,拉丁美洲,巴巴多斯,4.97
2013,拉丁美洲,巴哈马,0.6
2013,拉丁美洲,巴拉圭,46.24
2013,拉丁美洲,巴拿马,478.64
2013,拉丁美洲,巴西,1733.58
2013,拉丁美洲,玻利维亚,118.92
2013,拉丁美洲,伯利兹,0.35
2013,拉丁美洲,多米尼加共和国,1
2013,拉丁美洲,多米尼克,8.45
2013,拉丁美洲,厄瓜多尔,1008.79
2013,拉丁美洲,哥伦比亚,368.69
2013,拉丁美洲,哥斯达黎加,3.26
2013,拉丁美洲,格林纳达,14.54
2013,拉丁美洲,古巴,111.34
2013,拉丁美洲,圭亚那,225.18
2013,拉丁美洲,开曼群岛,42324.06
2013,拉丁美洲,秘鲁,867.78
2013,拉丁美洲,墨西哥,409.87
2013,拉丁美洲,尼加拉瓜,2.17
2013,拉丁美洲,圣文森特和格林纳丁斯,36.2
2013,拉丁美洲,苏里南,111.93
2013,拉丁美洲,特立尼达和多巴哥,3.86
2013,拉丁美洲,委内瑞拉,2363.38
2013,拉丁美洲,乌拉圭,25.93
2013,拉丁美洲,牙买加,79.68
2013,拉丁美洲,英属维尔京群岛,33902.98
2013,拉丁美洲,智利,179.04
2013,欧洲,阿尔巴尼亚,7.03
2013,欧洲,阿塞拜疆,38.34
2013,欧洲,爱尔兰,323.25
2013,欧洲,爱沙尼亚,3.5
2013,欧洲,奥地利,76.66
2013,欧洲,白俄罗斯,115.9
2013,欧洲,保加利亚,149.85
2013,欧洲,比利时,315.01
2013,欧洲,波兰,257.04
2013,欧洲,波斯尼亚—黑塞哥维那,6.13
2013,欧洲,丹麦,84.37
2013,欧洲,德国,3979.38
2013,欧洲,俄罗斯,7581.61
2013,欧洲,法国,4447.94
2013,欧洲,芬兰,42.55
2013,欧洲,格鲁吉亚,330.75
2013,欧洲,荷兰,3193.09
2013,欧洲,黑山,0.32
2013,欧洲,捷克,204.68
2013,欧洲,克罗地亚,8.31
2013,欧洲,拉脱维亚,0.54
2013,欧洲,立陶宛,12.48
2013,欧洲,列支敦士登,3.91
2013,欧洲,卢森堡,10423.76
2013,欧洲,罗马尼亚,145.13
2013,欧洲,马耳他,3.49
2013,欧洲,马其顿,2.09
2013,欧洲,摩尔多瓦,3.87
2013,欧洲,挪威,4771.71
2013,欧洲,葡萄牙,55.32
2013,欧洲,瑞典,2737.71
2013,欧洲,瑞士,296.54
2013,欧洲,塞尔维亚,18.54
2013,欧洲,斯洛伐克,82.77
2013,欧洲,斯洛文尼亚,5
2013,欧洲,乌克兰,51.98
2013,欧洲,西班牙,315.71
2013,欧洲,希腊,119.79
2013,欧洲,匈牙利,532.35
2013,欧洲,亚美尼亚,7.51
2013,欧洲,意大利,607.75
2013,欧洲,英国,11797.9
2013,亚洲,阿富汗,487.42
2013,亚洲,阿拉伯联合酋长国,1514.57
2013,亚洲,阿曼,174.73
2013,亚洲,澳门特别行政区 (中国),3409.14
2013,亚洲,巴基斯坦,2343.09
2013,亚洲,巴勒斯坦,0.04
2013,亚洲,巴林,1.46
2013,亚洲,朝鲜,585.51
2013,亚洲,东帝汶,9.05
2013,亚洲,菲律宾,692.38
2013,亚洲,哈萨克斯坦,6956.69
2013,亚洲,韩国,1963.08
2013,亚洲,吉尔吉斯,885.82
2013,亚洲,柬埔寨,2848.57
2013,亚洲,卡塔尔,254.02
2013,亚洲,科威特,89.39
2013,亚洲,老挝,2770.92
2013,亚洲,黎巴嫩,3.69
2013,亚洲,马尔代夫,1.65
2013,亚洲,马来西亚,1668.18
2013,亚洲,蒙古,3353.96
2013,亚洲,孟加拉国,158.68
2013,亚洲,缅甸,3569.68
2013,亚洲,尼泊尔,75.31
2013,亚洲,日本,1898.24
2013,亚洲,塞浦路斯,171.26
2013,亚洲,沙特阿拉伯,1747.06
2013,亚洲,斯里兰卡,292.65
2013,亚洲,塔吉克,599.41
2013,亚洲,台湾省,349.27
2013,亚洲,泰国,2472.43
2013,亚洲,土耳其,642.31
2013,亚洲,土库曼,253.23
2013,亚洲,文莱,72.12
2013,亚洲,乌兹别克,197.82
2013,亚洲,香港特别行政区 (中国),377093.14
2013,亚洲,新加坡,14750.7
2013,亚洲,叙利亚,6.41
2013,亚洲,也门共和国,549.11
2013,亚洲,伊拉克,317.06
2013,亚洲,伊朗,2851.2
2013,亚洲,以色列,34.05
2013,亚洲,印度,2446.98
2013,亚洲,印度尼西亚,4656.65
2013,亚洲,约旦,23.43
2013,亚洲,越南,2166.72
2014,北美洲,百慕大群岛,2151.44
2014,北美洲,加拿大,7789.08
2014,北美洲,美国,38010.97
2014,大洋洲,澳大利亚,23882.26
2014,大洋洲,巴布亚新几内亚,460.02
2014,大洋洲,斐济,119.98
2014,大洋洲,基里巴斯,0.82
2014,大洋洲,库克群岛,0.07
2014,大洋洲,马绍尔群岛共和国,116.87
2014,大洋洲,密克罗尼西亚联邦,11.62
2014,大洋洲,帕劳共和国,10.1
2014,大洋洲,萨摩亚,223.08
2014,大洋洲,汤加,7.21
2014,大洋洲,瓦努阿图,69.81
2014,大洋洲,新西兰,962.41
2014,非洲,阿尔及利亚,2451.57
2014,非洲,埃及,657.11
2014,非洲,埃塞俄比亚,914.62
2014,非洲,安哥拉,1214.04
2014,非洲,贝宁,69.17
2014,非洲,博茨瓦纳,262.13
2014,非洲,布基纳法索,8.78
2014,非洲,布隆迪,13.24
2014,非洲,赤道几内亚,208.2
2014,非洲,多哥,135.81
2014,非洲,厄立特里亚,106.71
2014,非洲,佛得角,15.18
2014,非洲,冈比亚,1.24
2014,非洲,刚果,988.76
2014,非洲,吉布提,40.08
2014,非洲,几内亚,419.07
2014,非洲,几内亚比绍,66.82
2014,非洲,加纳,1056.69
2014,非洲,加蓬,180.41
2014,非洲,津巴布韦,1695.58
2014,非洲,喀麦隆,177.84
2014,非洲,科摩罗,4.54
2014,非洲,科特迪瓦共和国,64.29
2014,非洲,肯尼亚,853.71
2014,非洲,莱索托,11.07
2014,非洲,利比里亚,229.65
2014,非洲,利比亚,108.94
2014,非洲,卢旺达,110.72
2014,非洲,马达加斯加,352.61
2014,非洲,马拉维,257.62
2014,非洲,马里,342.86
2014,非洲,毛里求斯,579.71
2014,非洲,毛里塔尼亚,100.95
2014,非洲,民主刚果,2168.67
2014,非洲,摩洛哥,114.44
2014,非洲,莫桑比克,653.86
2014,非洲,纳米比亚,981.84
2014,非洲,南非,5954.02
2014,非洲,南苏丹,19.26
2014,非洲,尼日尔,198.08
2014,非洲,尼日利亚,2323.01
2014,非洲,塞拉利昂,147.74
2014,非洲,塞内加尔,130.01
2014,非洲,塞舌尔,114.4
2014,非洲,圣多美和普林西比,0.38
2014,非洲,苏丹,1747.12
2014,非洲,坦桑尼亚,885.18
2014,非洲,突尼斯,14.56
2014,非洲,乌干达,464.1
2014,非洲,赞比亚,2271.99
2014,非洲,乍得,404.61
2014,非洲,中非,57.08
2014,拉丁美洲,阿根廷,1791.52
2014,拉丁美洲,安提瓜和巴布达,6.3
2014,拉丁美洲,巴巴多斯,3.3
2014,拉丁美洲,巴哈马,0.6
2014,拉丁美洲,巴拉圭,47.91
2014,拉丁美洲,巴拿马,204.93
2014,拉丁美洲,巴西,2832.89
2014,拉丁美洲,玻利维亚,132.17
2014,拉丁美洲,伯利兹,0.7
2014,拉丁美洲,多米尼加共和国,1.01
2014,拉丁美洲,多米尼克,3.15
2014,拉丁美洲,厄瓜多尔,944.6
2014,拉丁美洲,哥伦比亚,547.3
2014,拉丁美洲,哥斯达黎加,3.98
2014,拉丁美洲,格林纳达,23.67
2014,拉丁美洲,古巴,62.55
2014,拉丁美洲,圭亚那,247.57
2014,拉丁美洲,开曼群岛,44236.72
2014,拉丁美洲,秘鲁,907.98
2014,拉丁美洲,墨西哥,541.21
2014,拉丁美洲,尼加拉瓜,3.18
2014,拉丁美洲,萨尔瓦多,0.01
2014,拉丁美洲,圣文森特和格林纳丁斯,39
2014,拉丁美洲,苏里南,93.93
2014,拉丁美洲,特立尼达和多巴哥,1025.31
2014,拉丁美洲,委内瑞拉,2493.23
2014,拉丁美洲,乌拉圭,210.81
2014,拉丁美洲,牙买加,188.37
2014,拉丁美洲,英属维尔京群岛,49320.41
2014,拉丁美洲,智利,195.83
2014,欧洲,阿尔巴尼亚,7.03
2014,欧洲,阿塞拜疆,55.21
2014,欧洲,爱尔兰,249.72
2014,欧洲,爱沙尼亚,3.5
2014,欧洲,奥地利,201.7
2014,欧洲,白俄罗斯,257.52
2014,欧洲,保加利亚,170.27
2014,欧洲,比利时,493.47
2014,欧洲,波兰,329.35
2014,欧洲,波斯尼亚—黑塞哥维那,6.13
2014,欧洲,丹麦,208.15
2014,欧洲,德国,5785.5
2014,欧洲,俄罗斯,8694.63
2014,欧洲,法国,8444.88
2014,欧洲,芬兰,58.99
2014,欧洲,格鲁吉亚,545.64
2014,欧洲,荷兰,4194.08
2014,欧洲,黑山,0.32
2014,欧洲,捷克,242.69
2014,欧洲,克罗地亚,11.87
2014,欧洲,拉脱维亚,0.54
2014,欧洲,立陶宛,12.48
2014,欧洲,列支敦士登,12.4
2014,欧洲,卢森堡,15666.77
2014,欧洲,罗马尼亚,191.37
2014,欧洲,马耳他,5.42
2014,欧洲,马其顿,2.11
2014,欧洲,摩尔多瓦,3.87
2014,欧洲,挪威,5223.5
2014,欧洲,葡萄牙,60.69
2014,欧洲,瑞典,3012.92
2014,欧洲,瑞士,387.66
2014,欧洲,塞尔维亚,29.71
2014,欧洲,斯洛伐克,127.79
2014,欧洲,斯洛文尼亚,5
2014,欧洲,乌克兰,63.41
2014,欧洲,西班牙,424.53
2014,欧洲,希腊,120.85
2014,欧洲,匈牙利,556.35
2014,欧洲,亚美尼亚,7.51
2014,欧洲,意大利,719.69
2014,欧洲,英国,12804.65
2014,亚洲,阿富汗,518.49
2014,亚洲,阿拉伯联合酋长国,2333.45
2014,亚洲,阿曼,189.72
2014,亚洲,澳门特别行政区 (中国),3930.74
2014,亚洲,巴基斯坦,3736.82
2014,亚洲,巴勒斯坦,0.04
2014,亚洲,巴林,3.76
2014,亚洲,朝鲜,611.57
2014,亚洲,东帝汶,15.78
2014,亚洲,菲律宾,759.94
2014,亚洲,哈萨克斯坦,7541.07
2014,亚洲,韩国,2771.57
2014,亚洲,吉尔吉斯,984.19
2014,亚洲,柬埔寨,3222.28
2014,亚洲,卡塔尔,353.87
2014,亚洲,科威特,345.91
2014,亚洲,老挝,4490.99
2014,亚洲,黎巴嫩,3.78
2014,亚洲,马尔代夫,2.37
2014,亚洲,马来西亚,1785.63
2014,亚洲,蒙古,3762.46
2014,亚洲,孟加拉国,160.24
2014,亚洲,缅甸,3925.57
2014,亚洲,尼泊尔,138.34
2014,亚洲,日本,2547.04
2014,亚洲,塞浦路斯,107.17
2014,亚洲,沙特阿拉伯,1987.43
2014,亚洲,斯里兰卡,363.91
2014,亚洲,塔吉克,728.96
2014,亚洲,台湾省,598.62
2014,亚洲,泰国,3079.47
2014,亚洲,土耳其,881.81
2014,亚洲,土库曼,447.6
2014,亚洲,文莱,69.55
2014,亚洲,乌兹别克,392.09
2014,亚洲,香港特别行政区 (中国),509919.83
2014,亚洲,新加坡,20639.95
2014,亚洲,叙利亚,14.55
2014,亚洲,也门共和国,555.07
2014,亚洲,伊拉克,375.84
2014,亚洲,伊朗,3484.15
2014,亚洲,以色列,86.65
2014,亚洲,印度,3407.21
2014,亚洲,印度尼西亚,6793.5
2014,亚洲,约旦,30.98
2014,亚洲,越南,2865.65
2015,北美洲,百慕大群岛,2861.06
2015,北美洲,加拿大,8516.25
2015,北美洲,美国,40801.95
2015,大洋洲,澳大利亚,28373.85
2015,大洋洲,巴布亚新几内亚,1911.83
2015,大洋洲,斐济,97.92
2015,大洋洲,基里巴斯,2.93
2015,大洋洲,库克群岛,0.07
2015,大洋洲,马绍尔群岛共和国,60.05
2015,大洋洲,密克罗尼西亚联邦,15.17
2015,大洋洲,帕劳共和国,11.6
2015,大洋洲,萨摩亚,306.91
2015,大洋洲,汤加,8.19
2015,大洋洲,瓦努阿图,94.47
2015,大洋洲,新西兰,1208.72
2015,非洲,阿尔及利亚,2531.55
2015,非洲,埃及,663.15
2015,非洲,埃塞俄比亚,1130.13
2015,非洲,安哥拉,1268.29
2015,非洲,贝宁,87.31
2015,非洲,博茨瓦纳,321.08
2015,非洲,布隆迪,12.37
2015,非洲,赤道几内亚,231.63
2015,非洲,多哥,128.82
2015,非洲,厄立特里亚,119.41
2015,非洲,佛得角,15.18
2015,非洲,冈比亚,1.24
2015,非洲,刚果,1088.67
2015,非洲,吉布提,60.46
2015,非洲,几内亚,382.72
2015,非洲,几内亚比绍,69.06
2015,非洲,加纳,1274.49
2015,非洲,加蓬,244.42
2015,非洲,津巴布韦,1798.92
2015,非洲,喀麦隆,207.34
2015,非洲,科摩罗,4.53
2015,非洲,科特迪瓦共和国,126.78
2015,非洲,肯尼亚,1099.04
2015,非洲,莱索托,11.15
2015,非洲,利比里亚,288.99
2015,非洲,利比亚,105.77
2015,非洲,卢旺达,123.57
2015,非洲,马达加斯加,347.7
2015,非洲,马拉维,258.15
2015,非洲,马里,307.33
2015,非洲,毛里求斯,1096.58
2015,非洲,毛里塔尼亚,105.83
2015,非洲,民主刚果,3239.35
2015,非洲,摩洛哥,156.29
2015,非洲,莫桑比克,724.52
2015,非洲,纳米比亚,380.44
2015,非洲,南非,4722.97
2015,非洲,南苏丹,35.98
2015,非洲,尼日尔,565.44
2015,非洲,尼日利亚,2376.76
2015,非洲,塞拉利昂,196.3
2015,非洲,塞内加尔,126.02
2015,非洲,塞舌尔,160.11
2015,非洲,圣多美和普林西比,0.38
2015,非洲,苏丹,1809.36
2015,非洲,坦桑尼亚,1138.87
2015,非洲,突尼斯,20.84
2015,非洲,乌干达,722.15
2015,非洲,赞比亚,2338.02
2015,非洲,乍得,422.72
2015,非洲,中非,46.22
2015,拉丁美洲,阿根廷,1948.92
2015,拉丁美洲,安提瓜和巴布达,6.3
2015,拉丁美洲,巴巴多斯,2.89
2015,拉丁美洲,巴哈马,0.6
2015,拉丁美洲,巴拉圭,47.91
2015,拉丁美洲,巴拿马,228.15
2015,拉丁美洲,巴西,2257.12
2015,拉丁美洲,玻利维亚,317.46
2015,拉丁美洲,伯利兹,0.7
2015,拉丁美洲,多米尼加共和国,1.01
2015,拉丁美洲,多米尼克,3.15
2015,拉丁美洲,厄瓜多尔,1056.35
2015,拉丁美洲,哥伦比亚,554.43
2015,拉丁美洲,哥斯达黎加,7.82
2015,拉丁美洲,格林纳达,23.67
2015,拉丁美洲,古巴,120.62
2015,拉丁美洲,圭亚那,256.01
2015,拉丁美洲,开曼群岛,62404.08
2015,拉丁美洲,秘鲁,705.49
2015,拉丁美洲,墨西哥,524.76
2015,拉丁美洲,尼加拉瓜,3.67
2015,拉丁美洲,萨尔瓦多,0.01
2015,拉丁美洲,圣卢西亚,0.15
2015,拉丁美洲,圣文森特和格林纳丁斯,42.04
2015,拉丁美洲,苏里南,113.52
2015,拉丁美洲,特立尼达和多巴哥,604.63
2015,拉丁美洲,委内瑞拉,2800.29
2015,拉丁美洲,乌拉圭,182.73
2015,拉丁美洲,牙买加,225.68
2015,拉丁美洲,英属安圭拉,1
2015,拉丁美洲,英属维尔京群岛,51672.14
2015,拉丁美洲,智利,204.64
2015,欧洲,阿尔巴尼亚,6.95
2015,欧洲,阿塞拜疆,63.7
2015,欧洲,爱尔兰,248.32
2015,欧洲,爱沙尼亚,3.5
2015,欧洲,奥地利,327.99
2015,欧洲,白俄罗斯,475.89
2015,欧洲,保加利亚,235.97
2015,欧洲,比利时,519.53
2015,欧洲,冰岛,1.1
2015,欧洲,波兰,352.11
2015,欧洲,波斯尼亚—黑塞哥维那,7.75
2015,欧洲,丹麦,82.17
2015,欧洲,德国,5881.76
2015,欧洲,俄罗斯,14019.63
2015,欧洲,法国,5723.55
2015,欧洲,芬兰,95.07
2015,欧洲,格鲁吉亚,533.75
2015,欧洲,荷兰,20067.13
2015,欧洲,黑山,0.32
2015,欧洲,捷克,224.31
2015,欧洲,克罗地亚,11.82
2015,欧洲,拉脱维亚,0.94
2015,欧洲,立陶宛,12.48
2015,欧洲,列支敦士登,13.04
2015,欧洲,卢森堡,7739.88
2015,欧洲,罗马尼亚,364.8
2015,欧洲,马耳他,10.45
2015,欧洲,马其顿,2.11
2015,欧洲,摩尔多瓦,2.11
2015,欧洲,挪威,3471.29
2015,欧洲,葡萄牙,71.42
2015,欧洲,瑞典,3381.96
2015,欧洲,瑞士,604.15
2015,欧洲,塞尔维亚,49.79
2015,欧洲,斯洛伐克,127.79
2015,欧洲,斯洛文尼亚,5
2015,欧洲,乌克兰,68.9
2015,欧洲,西班牙,608.01
2015,欧洲,希腊,119.48
2015,欧洲,匈牙利,571.11
2015,欧洲,亚美尼亚,7.51
2015,欧洲,意大利,931.97
2015,欧洲,英国,16632.46
2015,亚洲,阿富汗,419.93
2015,亚洲,阿拉伯联合酋长国,4602.84
2015,亚洲,阿曼,200.77
2015,亚洲,澳门特别行政区 (中国),5739.12
2015,亚洲,巴基斯坦,4035.93
2015,亚洲,巴勒斯坦,0.04
2015,亚洲,巴林,3.87
2015,亚洲,朝鲜,625
2015,亚洲,东帝汶,100.28
2015,亚洲,菲律宾,711.05
2015,亚洲,哈萨克斯坦,5095.46
2015,亚洲,韩国,3698.04
2015,亚洲,吉尔吉斯,1070.59
2015,亚洲,柬埔寨,3675.86
2015,亚洲,卡塔尔,449.93
2015,亚洲,科威特,543.62
2015,亚洲,老挝,4841.71
2015,亚洲,黎巴嫩,3.78
2015,亚洲,马尔代夫,2.37
2015,亚洲,马来西亚,2231.37
2015,亚洲,蒙古,3760.06
2015,亚洲,孟加拉国,188.43
2015,亚洲,缅甸,4258.73
2015,亚洲,尼泊尔,291.93
2015,亚洲,日本,3038.2
2015,亚洲,塞浦路斯,109.15
2015,亚洲,沙特阿拉伯,2434.39
2015,亚洲,斯里兰卡,772.51
2015,亚洲,塔吉克,909.09
2015,亚洲,台湾省,969.05
2015,亚洲,泰国,3440.12
2015,亚洲,土耳其,1328.84
2015,亚洲,土库曼,133.04
2015,亚洲,文莱,73.52
2015,亚洲,乌兹别克,882.04
2015,亚洲,香港特别行政区 (中国),656855.24
2015,亚洲,新加坡,31984.91
2015,亚洲,叙利亚,11
2015,亚洲,也门共和国,453.3
2015,亚洲,伊拉克,388.12
2015,亚洲,伊朗,2949.19
2015,亚洲,以色列,317.18
2015,亚洲,印度,3770.47
2015,亚洲,印度尼西亚,8125.14
2015,亚洲,约旦,32.55
2015,亚洲,越南,3373.56
2016,北美洲,百慕大群岛,2166.49
2016,北美洲,加拿大,12725.99
2016,北美洲,美国,60579.98
2016,大洋洲,澳大利亚,33350.56
2016,大洋洲,巴布亚新几内亚,1869.88
2016,大洋洲,斐济,148.5
2016,大洋洲,基里巴斯,2.93
2016,大洋洲,库克群岛,0.07
2016,大洋洲,马绍尔群岛共和国,65.41
2016,大洋洲,密克罗尼西亚联邦,34.66
2016,大洋洲,帕劳共和国,12.1
2016,大洋洲,萨摩亚,546.85
2016,大洋洲,汤加,8.44
2016,大洋洲,瓦努阿图,98.69
2016,大洋洲,新西兰,2102.47
2016,非洲,阿尔及利亚,2552.48
2016,非洲,埃及,888.91
2016,非洲,埃塞俄比亚,2000.65
2016,非洲,安哥拉,1633.21
2016,非洲,贝宁,102.51
2016,非洲,博茨瓦纳,437.5
2016,非洲,布基纳法索,0.2
2016,非洲,布隆迪,12.42
2016,非洲,赤道几内亚,236.59
2016,非洲,多哥,118.57
2016,非洲,厄立特里亚,378.45
2016,非洲,佛得角,15.23
2016,非洲,冈比亚,3.84
2016,非洲,刚果,782.91
2016,非洲,吉布提,125.4
2016,非洲,几内亚,417.74
2016,非洲,几内亚比绍,70.16
2016,非洲,加纳,1958.27
2016,非洲,加蓬,256.83
2016,非洲,津巴布韦,1839
2016,非洲,喀麦隆,366.74
2016,非洲,科摩罗,4.53
2016,非洲,科特迪瓦共和国,179.66
2016,非洲,肯尼亚,1102.7
2016,非洲,莱索托,6.63
2016,非洲,利比里亚,297.3
2016,非洲,利比亚,211.12
2016,非洲,卢旺达,89.36
2016,非洲,马达加斯加,297.63
2016,非洲,马拉维,259.05
2016,非洲,马里,320.01
2016,非洲,毛里求斯,1176.2
2016,非洲,毛里塔尼亚,193.36
2016,非洲,民主刚果,3514.98
2016,非洲,摩洛哥,162.7
2016,非洲,莫桑比克,782.26
2016,非洲,纳米比亚,453.57
2016,非洲,南非,6500.84
2016,非洲,南苏丹,37.03
2016,非洲,尼日尔,525.3
2016,非洲,尼日利亚,2541.68
2016,非洲,塞拉利昂,188.82
2016,非洲,塞内加尔,149.59
2016,非洲,塞舌尔,246.65
2016,非洲,圣多美和普林西比,0.38
2016,非洲,苏丹,1104.34
2016,非洲,坦桑尼亚,1191.99
2016,非洲,突尼斯,16.3
2016,非洲,乌干达,1006.47
2016,非洲,赞比亚,2687.16
2016,非洲,乍得,396.64
2016,非洲,中非,35.61
2016,拉丁美洲,阿根廷,1943.66
2016,拉丁美洲,安提瓜和巴布达,6.7
2016,拉丁美洲,巴巴多斯,87.72
2016,拉丁美洲,巴哈马,160.6
2016,拉丁美洲,巴拉圭,47.91
2016,拉丁美洲,巴拿马,268.85
2016,拉丁美洲,巴西,2962.51
2016,拉丁美洲,玻利维亚,370.68
2016,拉丁美洲,伯利兹,0.7
2016,拉丁美洲,多米尼加共和国,1.01
2016,拉丁美洲,多米尼克,3.15
2016,拉丁美洲,厄瓜多尔,1180.12
2016,拉丁美洲,哥伦比亚,362.45
2016,拉丁美洲,哥斯达黎加,8.2
2016,拉丁美洲,格林纳达,23.77
2016,拉丁美洲,古巴,131.5
2016,拉丁美洲,圭亚那,256.68
2016,拉丁美洲,洪都拉斯,27.71
2016,拉丁美洲,开曼群岛,104208.93
2016,拉丁美洲,秘鲁,759.78
2016,拉丁美洲,墨西哥,578.6
2016,拉丁美洲,尼加拉瓜,4.67
2016,拉丁美洲,萨尔瓦多,0.01
2016,拉丁美洲,圣卢西亚,1.44
2016,拉丁美洲,圣文森特和格林纳丁斯,39.52
2016,拉丁美洲,苏里南,125.08
2016,拉丁美洲,特立尼达和多巴哥,606.66
2016,拉丁美洲,委内瑞拉,2741.71
2016,拉丁美洲,乌拉圭,225.59
2016,拉丁美洲,牙买加,839.19
2016,拉丁美洲,英属安圭拉,6.84
2016,拉丁美洲,英属维尔京群岛,88765.89
2016,拉丁美洲,智利,403.62
2016,欧洲,阿尔巴尼亚,7.27
2016,欧洲,阿塞拜疆,28.42
2016,欧洲,爱尔兰,573.77
2016,欧洲,爱沙尼亚,3.5
2016,欧洲,奥地利,530.51
2016,欧洲,白俄罗斯,497.93
2016,欧洲,保加利亚,166.07
2016,欧洲,比利时,544.03
2016,欧洲,冰岛,1.1
2016,欧洲,波兰,321.32
2016,欧洲,波斯尼亚—黑塞哥维那,8.6
2016,欧洲,丹麦,226.11
2016,欧洲,德国,7841.75
2016,欧洲,俄罗斯,12979.51
2016,欧洲,法国,5116.17
2016,欧洲,芬兰,211.7
2016,欧洲,格鲁吉亚,550.23
2016,欧洲,荷兰,20587.74
2016,欧洲,黑山,4.43
2016,欧洲,捷克,227.77
2016,欧洲,克罗地亚,11.99
2016,欧洲,拉脱维亚,0.94
2016,欧洲,立陶宛,15.29
2016,欧洲,列支敦士登,16.74
2016,欧洲,卢森堡,8776.6
2016,欧洲,罗马尼亚,391.5
2016,欧洲,马耳他,163.64
2016,欧洲,马其顿,2.1
2016,欧洲,摩尔多瓦,3.87
2016,欧洲,挪威,2641.97
2016,欧洲,葡萄牙,87.74
2016,欧洲,瑞典,3553.68
2016,欧洲,瑞士,576.21
2016,欧洲,塞尔维亚,82.68
2016,欧洲,斯洛伐克,82.77
2016,欧洲,斯洛文尼亚,26.86
2016,欧洲,乌克兰,66.71
2016,欧洲,西班牙,736.47
2016,欧洲,希腊,48.08
2016,欧洲,匈牙利,313.7
2016,欧洲,亚美尼亚,7.51
2016,欧洲,意大利,1554.84
2016,欧洲,英国,17612.1
2016,亚洲,阿富汗,440.5
2016,亚洲,阿拉伯联合酋长国,4888.3
2016,亚洲,阿曼,86.63
2016,亚洲,澳门特别行政区 (中国),6783.39
2016,亚洲,巴基斯坦,4759.11
2016,亚洲,巴勒斯坦,0.23
2016,亚洲,巴林,37.36
2016,亚洲,朝鲜,679.15
2016,亚洲,东帝汶,147.94
2016,亚洲,菲律宾,718.93
2016,亚洲,哈萨克斯坦,5432.27
2016,亚洲,韩国,4237.24
2016,亚洲,吉尔吉斯,1237.82
2016,亚洲,柬埔寨,4368.58
2016,亚洲,卡塔尔,1025.65
2016,亚洲,科威特,578.1
2016,亚洲,老挝,5500.14
2016,亚洲,黎巴嫩,3.01
2016,亚洲,马尔代夫,35.78
2016,亚洲,马来西亚,3633.96
2016,亚洲,蒙古,3838.59
2016,亚洲,孟加拉国,225.17
2016,亚洲,缅甸,4620.42
2016,亚洲,尼泊尔,247.05
2016,亚洲,日本,3184.01
2016,亚洲,塞浦路斯,110.05
2016,亚洲,沙特阿拉伯,2607.29
2016,亚洲,斯里兰卡,728.91
2016,亚洲,塔吉克,1167.03
2016,亚洲,台湾省,982.72
2016,亚洲,泰国,4533.48
2016,亚洲,土耳其,1061.38
2016,亚洲,土库曼,249.08
2016,亚洲,文莱,203.77
2016,亚洲,乌兹别克,1057.71
2016,亚洲,香港特别行政区 (中国),780744.89
2016,亚洲,新加坡,33445.64
2016,亚洲,叙利亚,10.31
2016,亚洲,也门共和国,39.21
2016,亚洲,伊拉克,557.81
2016,亚洲,伊朗,3330.81
2016,亚洲,以色列,4229.88
2016,亚洲,印度,3107.15
2016,亚洲,印度尼西亚,9545.54
2016,亚洲,约旦,39.49
2016,亚洲,越南,4983.63
2017,北美洲,百慕大群岛,8588.11
2017,北美洲,加拿大,10936.8577
2017,北美洲,美国,67381.0044
2017,大洋洲,澳大利亚,36175.3072
2017,大洋洲,巴布亚新几内亚,2101.21
2017,大洋洲,斐济,156.7
2017,大洋洲,基里巴斯,2.93
2017,大洋洲,库克群岛,0.07
2017,大洋洲,马绍尔群岛共和国,60.68
2017,大洋洲,密克罗尼西亚联邦,19.54
2017,大洋洲,帕劳共和国,12.18
2017,大洋洲,萨摩亚,627.55
2017,大洋洲,汤加,9.56
2017,大洋洲,瓦努阿图,105.76
2017,大洋洲,新西兰,2491.7978
2017,非洲,阿尔及利亚,1833.662
2017,非洲,埃及,834.84
2017,非洲,埃塞俄比亚,1975.56
2017,非洲,安哥拉,2260.16
2017,非洲,贝宁,104.37
2017,非洲,博茨瓦纳,296.87
2017,非洲,布基纳法索,0.2
2017,非洲,布隆迪,10.29
2017,非洲,赤道几内亚,395.97
2017,非洲,多哥,112.85
2017,非洲,厄立特里亚,216.55
2017,非洲,佛得角,14.63
2017,非洲,冈比亚,5.36
2017,非洲,刚果,1126.06
2017,非洲,吉布提,232.86
2017,非洲,几内亚,675.45
2017,非洲,几内亚比绍,76.39
2017,非洲,加纳,1575.36
2017,非洲,加蓬,385.35
2017,非洲,津巴布韦,1748.34
2017,非洲,喀麦隆,424.36
2017,非洲,科摩罗,4.53
2017,非洲,科特迪瓦共和国,303.68
2017,非洲,肯尼亚,1543.45
2017,非洲,莱索托,6.53
2017,非洲,利比里亚,319.63
2017,非洲,利比亚,366.75
2017,非洲,卢旺达,99.25
2017,非洲,马达加斯加,766.2997
2017,非洲,马拉维,291.12
2017,非洲,马里,394.86
2017,非洲,毛里求斯,960.87
2017,非洲,毛里塔尼亚,235.85
2017,非洲,民主刚果,3884.11
2017,非洲,摩洛哥,318.21
2017,非洲,莫桑比克,872.91
2017,非洲,纳米比亚,480.47
2017,非洲,南非,7472.7687
2017,非洲,南苏丹,47.68
2017,非洲,尼日尔,665.65
2017,非洲,尼日利亚,2861.5288
2017,非洲,塞拉利昂,184.22
2017,非洲,塞内加尔,214.3
2017,非洲,塞舌尔,231.27
2017,非洲,圣多美和普林西比,0.38
2017,非洲,苏丹,1201.5647
2017,非洲,坦桑尼亚,1280.3
2017,非洲,突尼斯,15.08
2017,非洲,乌干达,575.94
2017,非洲,赞比亚,2963.44
2017,非洲,乍得,412.25
2017,非洲,中非,16.12
2017,拉丁美洲,阿根廷,1539.54
2017,拉丁美洲,安提瓜和巴布达,6.7
2017,拉丁美洲,巴巴多斯,117.3
2017,拉丁美洲,巴哈马,160.63
2017,拉丁美洲,巴拉圭,46.06
2017,拉丁美洲,巴拿马,358.78
2017,拉丁美洲,巴西,3205.5371
2017,拉丁美洲,玻利维亚,413.49
2017,拉丁美洲,多米尼加共和国,0.01
2017,拉丁美洲,多米尼克,3.15
2017,拉丁美洲,厄瓜多尔,1032.44
2017,拉丁美洲,哥伦比亚,357.87
2017,拉丁美洲,哥斯达黎加,26.02
2017,拉丁美洲,格林纳达,25.07
2017,拉丁美洲,古巴,115
2017,拉丁美洲,圭亚那,110.69
2017,拉丁美洲,洪都拉斯,1.16
2017,拉丁美洲,开曼群岛,249682.1863
2017,拉丁美洲,秘鲁,839.43
2017,拉丁美洲,墨西哥,898.0158
2017,拉丁美洲,尼加拉瓜,3.14
2017,拉丁美洲,萨尔瓦多,0.01
2017,拉丁美洲,圣卢西亚,4.73
2017,拉丁美洲,圣文森特和格林纳丁斯,42.88
2017,拉丁美洲,苏里南,164.39
2017,拉丁美洲,特立尼达和多巴哥,621.77
2017,拉丁美洲,委内瑞拉,3207.25
2017,拉丁美洲,乌拉圭,198.68
2017,拉丁美洲,牙买加,1114.12
2017,拉丁美洲,英属安圭拉,7.19
2017,拉丁美洲,英属维尔京群岛,122060.745
2017,拉丁美洲,智利,527.57
2017,欧洲,阿尔巴尼亚,4.78
2017,欧洲,阿塞拜疆,27.99
2017,欧洲,爱尔兰,882.63
2017,欧洲,爱沙尼亚,3.62
2017,欧洲,奥地利,851.49
2017,欧洲,白俄罗斯,548.41
2017,欧洲,保加利亚,250.46
2017,欧洲,比利时,479.23
2017,欧洲,冰岛,14
2017,欧洲,波兰,405.52
2017,欧洲,波斯尼亚—黑塞哥维那,4.34
2017,欧洲,丹麦,228.83
2017,欧洲,德国,12163.1961
2017,欧洲,俄罗斯,13871.5955
2017,欧洲,法国,5702.7062
2017,欧洲,芬兰,213.07
2017,欧洲,格鲁吉亚,568.17
2017,欧洲,荷兰,18529
2017,欧洲,黑山,39.45
2017,欧洲,捷克,164.9
2017,欧洲,克罗地亚,39.08
2017,欧洲,拉脱维亚,1.02
2017,欧洲,立陶宛,17.13
2017,欧洲,列支敦士登,16.16
2017,欧洲,卢森堡,13936.15
2017,欧洲,罗马尼亚,310.07
2017,欧洲,马耳他,164.98
2017,欧洲,马其顿,2.03
2017,欧洲,摩尔多瓦,3.87
2017,欧洲,挪威,2083.45
2017,欧洲,葡萄牙,110.23
2017,欧洲,瑞典,7307.42
2017,欧洲,瑞士,8111.73
2017,欧洲,塞尔维亚,170.02
2017,欧洲,斯洛伐克,83.45
2017,欧洲,斯洛文尼亚,27.25
2017,欧洲,乌克兰,62.65
2017,欧洲,西班牙,692.63
2017,欧洲,希腊,182.22
2017,欧洲,匈牙利,327.86
2017,欧洲,亚美尼亚,29.96
2017,欧洲,意大利,1903.79
2017,欧洲,英国,20318.173
2017,亚洲,阿富汗,403.64
2017,亚洲,阿拉伯联合酋长国,5372.83
2017,亚洲,阿曼,99.04
2017,亚洲,澳门特别行政区 (中国),9680.2918
2017,亚洲,巴基斯坦,5715.84
2017,亚洲,巴勒斯坦,0.04
2017,亚洲,巴林,74.37
2017,亚洲,朝鲜,606.53
2017,亚洲,东帝汶,174.17
2017,亚洲,菲律宾,819.6
2017,亚洲,哈萨克斯坦,7561.45
2017,亚洲,韩国,5983.4741
2017,亚洲,吉尔吉斯,1299.38
2017,亚洲,柬埔寨,5448.73
2017,亚洲,卡塔尔,1105.49
2017,亚洲,科威特,936.23
2017,亚洲,老挝,6654.95
2017,亚洲,黎巴嫩,2.01
2017,亚洲,马尔代夫,67.43
2017,亚洲,马来西亚,4914.7
2017,亚洲,蒙古,3622.8
2017,亚洲,孟加拉国,329.07
2017,亚洲,缅甸,5524.53
2017,亚洲,尼泊尔,227.62
2017,亚洲,日本,3197.3366
2017,亚洲,塞浦路斯,718.69
2017,亚洲,沙特阿拉伯,2038.27
2017,亚洲,斯里兰卡,728.35
2017,亚洲,塔吉克,1616.09
2017,亚洲,台湾省,1272.47
2017,亚洲,泰国,5358.4674
2017,亚洲,土耳其,1301.35
2017,亚洲,土库曼,342.72
2017,亚洲,文莱,220.67
2017,亚洲,乌兹别克,946.07
2017,亚洲,香港特别行政区 (中国),981265.6786
2017,亚洲,新加坡,44568.0916
2017,亚洲,叙利亚,10.31
2017,亚洲,也门共和国,612.55
2017,亚洲,伊拉克,414.37
2017,亚洲,伊朗,3623.5
2017,亚洲,以色列,4148.69
2017,亚洲,印度,4747.3283
2017,亚洲,印度尼西亚,10538.8032
2017,亚洲,约旦,64.4
2017,亚洲,越南,4965.3573
2018,北美洲,百慕大群岛,8318.32
2018,北美洲,加拿大,12522.72239036
2018,北美洲,美国,75507.28977214
2018,大洋洲,澳大利亚,38378.67782517
2018,大洋洲,巴布亚新几内亚,2039.09
2018,大洋洲,斐济,174.02
2018,大洋洲,基里巴斯,2.93
2018,大洋洲,库克群岛,0.07
2018,大洋洲,马绍尔群岛共和国,76.05
2018,大洋洲,密克罗尼西亚联邦,15.49
2018,大洋洲,帕劳共和国,12.11
2018,大洋洲,萨摩亚,683.74
2018,大洋洲,汤加,8.92
2018,大洋洲,瓦努阿图,128.47
2018,大洋洲,新西兰,2591.20315504
2018,非洲,阿尔及利亚,2062.8556
2018,非洲,埃及,1079.26
2018,非洲,埃塞俄比亚,2568.16
2018,非洲,安哥拉,2299.19
2018,非洲,贝宁,103.99
2018,非洲,博茨瓦纳,258.16
2018,非洲,布基纳法索,0.2
2018,非洲,布隆迪,12.52
2018,非洲,赤道几内亚,552.85
2018,非洲,多哥,102.07
2018,非洲,厄立特里亚,223.94
2018,非洲,佛得角,14.63
2018,非洲,冈比亚,24.79
2018,非洲,刚果,795.1
2018,非洲,吉布提,178.49
2018,非洲,几内亚,742.4428
2018,非洲,几内亚比绍,65.21
2018,非洲,加纳,1797.47
2018,非洲,加蓬,258.66
2018,非洲,津巴布韦,1766.25
2018,非洲,喀麦隆,499.21
2018,非洲,科摩罗,5.45
2018,非洲,科特迪瓦共和国,441.54
2018,非洲,肯尼亚,1755.88
2018,非洲,莱索托,6.53
2018,非洲,利比里亚,260.39
2018,非洲,利比亚,425.68
2018,非洲,卢旺达,146.82
2018,非洲,马达加斯加,803.3537
2018,非洲,马拉维,292.1
2018,非洲,马里,301.47
2018,非洲,毛里求斯,997.66
2018,非洲,毛里塔尼亚,232.61
2018,非洲,民主刚果,4444.46
2018,非洲,摩洛哥,382.29
2018,非洲,莫桑比克,1410.17
2018,非洲,纳米比亚,426.15
2018,非洲,南非,6531.6774846
2018,非洲,南苏丹,35.69
2018,非洲,尼日尔,758.4
2018,非洲,尼日利亚,2453.4853
2018,非洲,塞拉利昂,168.06
2018,非洲,塞内加尔,314.65
2018,非洲,塞舌尔,451.91
2018,非洲,圣多美和普林西比,0.38
2018,非洲,苏丹,1325.0708
2018,非洲,坦桑尼亚,1302.75
2018,非洲,突尼斯,21.53
2018,非洲,乌干达,798.17
2018,非洲,赞比亚,3523.02
2018,非洲,乍得,592.59
2018,非洲,中非,88.13
2018,拉丁美洲,阿根廷,1582.97
2018,拉丁美洲,安提瓜和巴布达,5.8
2018,拉丁美洲,巴巴多斯,200.73
2018,拉丁美洲,巴哈马,164.69
2018,拉丁美洲,巴拉圭,0.84
2018,拉丁美洲,巴拿马,506.11
2018,拉丁美洲,巴西,3812.44722549
2018,拉丁美洲,玻利维亚,351.5
2018,拉丁美洲,多米尼加共和国,0.01
2018,拉丁美洲,多米尼克,3.15
2018,拉丁美洲,厄瓜多尔,1240.52
2018,拉丁美洲,哥伦比亚,284.1
2018,拉丁美洲,哥斯达黎加,42.67
2018,拉丁美洲,格林纳达,23.89
2018,拉丁美洲,古巴,149.11
2018,拉丁美洲,圭亚那,198.86
2018,拉丁美洲,洪都拉斯,50.22
2018,拉丁美洲,开曼群岛,259223.71422974
2018,拉丁美洲,秘鲁,941.5
2018,拉丁美洲,墨西哥,1106.88221056
2018,拉丁美洲,尼加拉瓜,3.27
2018,拉丁美洲,圣卢西亚,4.73
2018,拉丁美洲,圣文森特和格林纳丁斯,43.74
2018,拉丁美洲,苏里南,99.4
2018,拉丁美洲,特立尼达和多巴哥,637.09
2018,拉丁美洲,委内瑞拉,3501.23
2018,拉丁美洲,乌拉圭,271.2
2018,拉丁美洲,牙买加,1187.4
2018,拉丁美洲,英属安圭拉,22.93
2018,拉丁美洲,英属维尔京群岛,130496.7824782
2018,拉丁美洲,智利,613.7
2018,欧洲,阿尔巴尼亚,6.42
2018,欧洲,阿塞拜疆,9.18
2018,欧洲,爱尔兰,972.77
2018,欧洲,爱沙尼亚,56.84
2018,欧洲,奥地利,461.63
2018,欧洲,白俄罗斯,503.78
2018,欧洲,保加利亚,171.09
2018,欧洲,比利时,326.41
2018,欧洲,冰岛,14.73
2018,欧洲,波兰,523.73
2018,欧洲,波斯尼亚—黑塞哥维那,4.34
2018,欧洲,丹麦,246.53
2018,欧洲,德国,13688.6105482
2018,欧洲,俄罗斯,14208.21932726
2018,欧洲,法国,6598.79494147
2018,欧洲,芬兰,327.54
2018,欧洲,格鲁吉亚,639.7
2018,欧洲,荷兰,19428.99
2018,欧洲,黑山,62.86
2018,欧洲,捷克,279.23
2018,欧洲,克罗地亚,69.08
2018,欧洲,拉脱维亚,11.7
2018,欧洲,立陶宛,12.89
2018,欧洲,列支敦士登,4.34
2018,欧洲,卢森堡,15388.7
2018,欧洲,罗马尼亚,304.62
2018,欧洲,马耳他,230.49
2018,欧洲,马其顿,36.3
2018,欧洲,摩尔多瓦,3.87
2018,欧洲,挪威,1997.7
2018,欧洲,葡萄牙,105.93
2018,欧洲,瑞典,6896.81
2018,欧洲,瑞士,5000.37
2018,欧洲,塞尔维亚,271.41
2018,欧洲,斯洛伐克,99.29
2018,欧洲,斯洛文尼亚,40.09
2018,欧洲,乌克兰,90.48
2018,欧洲,西班牙,1060.14
2018,欧洲,希腊,242.47
2018,欧洲,匈牙利,320.69
2018,欧洲,亚美尼亚,49.61
2018,欧洲,意大利,2145.35
2018,欧洲,英国,19883.23021932
2018,亚洲,阿富汗,404.44
2018,亚洲,阿拉伯联合酋长国,6436.06
2018,亚洲,阿曼,150.68
2018,亚洲,澳门特别行政区 (中国),8865.78231686
2018,亚洲,巴基斯坦,4246.82
2018,亚洲,巴勒斯坦,0.04
2018,亚洲,巴林,71.96
2018,亚洲,朝鲜,566.01
2018,亚洲,东帝汶,166.68
2018,亚洲,菲律宾,830.02
2018,亚洲,哈萨克斯坦,7341.08
2018,亚洲,韩国,6710.1116983
2018,亚洲,吉尔吉斯,1393.08
2018,亚洲,柬埔寨,5973.68
2018,亚洲,卡塔尔,435.98
2018,亚洲,科威特,1091.84
2018,亚洲,老挝,8309.76
2018,亚洲,黎巴嫩,2.22
2018,亚洲,马尔代夫,74.77
2018,亚洲,马来西亚,8387.24
2018,亚洲,蒙古,3365.07
2018,亚洲,孟加拉国,870.23
2018,亚洲,缅甸,4680.06
2018,亚洲,尼泊尔,379.19
2018,亚洲,日本,3490.52481389
2018,亚洲,塞浦路斯,845.43
2018,亚洲,沙特阿拉伯,2594.56
2018,亚洲,斯里兰卡,468.93
2018,亚洲,塔吉克,1944.83
2018,亚洲,台湾省,1351.57
2018,亚洲,泰国,5946.6952512
2018,亚洲,土耳其,1733.68
2018,亚洲,土库曼,311.93
2018,亚洲,文莱,220.45
2018,亚洲,乌兹别克,3689.88
2018,亚洲,香港特别行政区 (中国),1100391.07709752
2018,亚洲,新加坡,50093.8296221
2018,亚洲,叙利亚,0.87
2018,亚洲,也门共和国,623
2018,亚洲,伊拉克,598.54
2018,亚洲,伊朗,3234.29
2018,亚洲,以色列,4619.98
2018,亚洲,印度,4662.797367
2018,亚洲,印度尼西亚,12811.28456624
2018,亚洲,约旦,141.98
2018,亚洲,越南,5605.43276923
2019,北美洲,百慕大群岛,8336.57
2019,北美洲,加拿大,14091.46857869
2019,北美洲,美国,77797.4951667
2019,大洋洲,澳大利亚,38068.38275147
2019,大洋洲,巴布亚新几内亚,1923.36
2019,大洋洲,斐济,195.47
2019,大洋洲,基里巴斯,18.35
2019,大洋洲,库克群岛,0.07
2019,大洋洲,马绍尔群岛共和国,96.82
2019,大洋洲,密克罗尼西亚联邦,15.06
2019,大洋洲,帕劳共和国,18.81
2019,大洋洲,萨摩亚,683.81
2019,大洋洲,所罗门群岛,0.1
2019,大洋洲,汤加,10.01
2019,大洋洲,瓦努阿图,122.47
2019,大洋洲,新西兰,2459.73202172
2019,非洲,阿尔及利亚,1775.3496
2019,非洲,埃及,1085.8
2019,非洲,埃塞俄比亚,2558.87
2019,非洲,安哥拉,2890.73
2019,非洲,贝宁,91.44
2019,非洲,博茨瓦纳,186.28
2019,非洲,布基纳法索,1.49
2019,非洲,布隆迪,8.2
2019,非洲,赤道几内亚,404.13
2019,非洲,多哥,101.16
2019,非洲,厄立特里亚,223.29
2019,非洲,佛得角,2.34
2019,非洲,冈比亚,13.9
2019,非洲,刚果,609.84
2019,非洲,吉布提,125.26
2019,非洲,几内亚,763.2557
2019,非洲,几内亚比绍,26.71
2019,非洲,加纳,1831.29
2019,非洲,加蓬,252.21
2019,非洲,津巴布韦,1771.48
2019,非洲,喀麦隆,303.9
2019,非洲,科摩罗,1.83
2019,非洲,科特迪瓦共和国,564.34
2019,非洲,肯尼亚,1624.23
2019,非洲,莱索托,5.93
2019,非洲,利比里亚,167.65
2019,非洲,利比亚,299.43
2019,非洲,卢旺达,167.51
2019,非洲,马达加斯加,272.9123
2019,非洲,马拉维,161.45
2019,非洲,马里,305
2019,非洲,毛里求斯,1291.68
2019,非洲,毛里塔尼亚,181.4
2019,非洲,民主刚果,5596.6
2019,非洲,摩洛哥,303.29
2019,非洲,莫桑比克,1146.75
2019,非洲,纳米比亚,363.59
2019,非洲,南非,6146.57066919
2019,非洲,南苏丹,26.88
2019,非洲,尼日尔,956.71
2019,非洲,尼日利亚,2194.0021
2019,非洲,塞拉利昂,165.32
2019,非洲,塞内加尔,234.24
2019,非洲,塞舌尔,414.05
2019,非洲,圣多美和普林西比,0.44
2019,非洲,苏丹,1203.0936
2019,非洲,坦桑尼亚,1335.54
2019,非洲,突尼斯,36.62
2019,非洲,乌干达,669.94
2019,非洲,赞比亚,2863.79
2019,非洲,乍得,648.52
2019,非洲,中非,13.98
2019,拉丁美洲,阿根廷,1808.41
2019,拉丁美洲,安提瓜和巴布达,5.44
2019,拉丁美洲,巴巴多斯,59.11
2019,拉丁美洲,巴哈马,162.02
2019,拉丁美洲,巴拿马,549.99
2019,拉丁美洲,巴西,4434.77925063
2019,拉丁美洲,玻利维亚,472.27
2019,拉丁美洲,多米尼加共和国,0.25
2019,拉丁美洲,多米尼克,3.15
2019,拉丁美洲,厄瓜多尔,647.72
2019,拉丁美洲,哥伦比亚,307.1
2019,拉丁美洲,哥斯达黎加,35.01
2019,拉丁美洲,格林纳达,27.12
2019,拉丁美洲,古巴,118
2019,拉丁美洲,圭亚那,193.44
2019,拉丁美洲,洪都拉斯,15.62
2019,拉丁美洲,开曼群岛,276145.05707485
2019,拉丁美洲,秘鲁,1398.94
2019,拉丁美洲,墨西哥,1161.07978795
2019,拉丁美洲,尼加拉瓜,6.17
2019,拉丁美洲,圣卢西亚,4.15
2019,拉丁美洲,圣文森特和格林纳丁斯,43.21
2019,拉丁美洲,苏里南,132.69
2019,拉丁美洲,特立尼达和多巴哥,660.46
2019,拉丁美洲,委内瑞拉,3431.3
2019,拉丁美洲,乌拉圭,229.37
2019,拉丁美洲,牙买加,921.65
2019,拉丁美洲,英属安圭拉,22.65
2019,拉丁美洲,英属维尔京群岛,141878.8351016
2019,拉丁美洲,智利,1171.89
2019,欧洲,阿尔巴尼亚,7.11
2019,欧洲,阿塞拜疆,7.8
2019,欧洲,爱尔兰,1074.01
2019,欧洲,爱沙尼亚,63.33
2019,欧洲,奥地利,492.18
2019,欧洲,白俄罗斯,651.8
2019,欧洲,保加利亚,156.81
2019,欧洲,比利时,470.95
2019,欧洲,冰岛,14.73
2019,欧洲,波兰,555.59
2019,欧洲,波斯尼亚—黑塞哥维那,16.7
2019,欧洲,丹麦,294.85
2019,欧洲,德国,14233.99467937
2019,欧洲,俄罗斯,12803.97086415
2019,欧洲,法国,5954.34017903
2019,欧洲,芬兰,340.38
2019,欧洲,格鲁吉亚,670.92
2019,欧洲,荷兰,23854.82
2019,欧洲,黑山,85.09
2019,欧洲,捷克,287.49
2019,欧洲,克罗地亚,98.4
2019,欧洲,拉脱维亚,11.63
2019,欧洲,立陶宛,9.81
2019,欧洲,列支敦士登,4.34
2019,欧洲,卢森堡,13902.21
2019,欧洲,罗马尼亚,428.27
2019,欧洲,马耳他,229.32
2019,欧洲,马其顿,21.09
2019,欧洲,摩尔多瓦,3.87
2019,欧洲,挪威,1246.93
2019,欧洲,葡萄牙,58.57
2019,欧洲,瑞典,8578.69
2019,欧洲,瑞士,5662.84
2019,欧洲,塞尔维亚,164.73
2019,欧洲,斯洛伐克,82.74
2019,欧洲,斯洛文尼亚,189.6
2019,欧洲,乌克兰,158.03
2019,欧洲,西班牙,1110.57
2019,欧洲,希腊,231.02
2019,欧洲,匈牙利,427.36
2019,欧洲,亚美尼亚,12.89
2019,欧洲,意大利,2570.17
2019,欧洲,英国,17143.89945203
2019,亚洲,阿富汗,418.94
2019,亚洲,阿拉伯联合酋长国,7635.67
2019,亚洲,阿曼,116.34
2019,亚洲,澳门特别行政区 (中国),9851.6841299
2019,亚洲,巴基斯坦,4797.98
2019,亚洲,巴林,70.74
2019,亚洲,朝鲜,462.28
2019,亚洲,东帝汶,80.85
2019,亚洲,菲律宾,664.09
2019,亚洲,哈萨克斯坦,7254.13
2019,亚洲,韩国,6673.40137456
2019,亚洲,吉尔吉斯,1550.03
2019,亚洲,柬埔寨,6463.7
2019,亚洲,卡塔尔,458.92
2019,亚洲,科威特,834.51
2019,亚洲,老挝,8249.59
2019,亚洲,黎巴嫩,2.22
2019,亚洲,马尔代夫,82.47
2019,亚洲,马来西亚,7923.69
2019,亚洲,蒙古,3430.54
2019,亚洲,孟加拉国,1248.3
2019,亚洲,缅甸,4134.45
2019,亚洲,尼泊尔,538.66
2019,亚洲,日本,4098.05230603
2019,亚洲,塞浦路斯,1061.47
2019,亚洲,沙特阿拉伯,2527.73
2019,亚洲,斯里兰卡,551.47
2019,亚洲,塔吉克,1946.08
2019,亚洲,台湾省,1254.4
2019,亚洲,泰国,7185.84777007
2019,亚洲,土耳其,1867.86
2019,亚洲,土库曼,226.56
2019,亚洲,文莱,426.96
2019,亚洲,乌兹别克,3246.21
2019,亚洲,香港特别行政区 (中国),1275355.17883809
2019,亚洲,新加坡,52636.55716304
2019,亚洲,叙利亚,13.57
2019,亚洲,也门共和国,544.19
2019,亚洲,伊拉克,1377.52
2019,亚洲,伊朗,3055.62
2019,亚洲,以色列,3775.02
2019,亚洲,印度,3610.09124725
2019,亚洲,印度尼西亚,15132.54604628
2019,亚洲,约旦,311.73
2019,亚洲,越南,7073.71031958
